-- --------------------------------------------------------
-- Servidor:                     mysql.promotorasdevendas.com.br
-- Versão do servidor:           10.2.23-MariaDB-log - MariaDB Server
-- OS do Servidor:               Linux
-- HeidiSQL Versão:              10.3.0.5786
-- --------------------------------------------------------

/*!40101 SET @OLD_CHARACTER_SET_CLIENT=@@CHARACTER_SET_CLIENT */;
/*!40101 SET NAMES utf8 */;
/*!50503 SET NAMES utf8mb4 */;
/*!40014 SET @OLD_FOREIGN_KEY_CHECKS=@@FOREIGN_KEY_CHECKS, FOREIGN_KEY_CHECKS=0 */;
/*!40101 SET @OLD_SQL_MODE=@@SQL_MODE, SQL_MODE='NO_AUTO_VALUE_ON_ZERO' */;


-- Copiando estrutura do banco de dados para promotorasdeve
CREATE DATABASE IF NOT EXISTS `promotorasdeve` /*!40100 DEFAULT CHARACTER SET latin1 */;
USE `promotorasdeve`;

-- Copiando estrutura para tabela promotorasdeve.tb_acessos
CREATE TABLE IF NOT EXISTS `tb_acessos` (
  `ID` int(11) NOT NULL AUTO_INCREMENT,
  `DataHora` datetime DEFAULT NULL,
  PRIMARY KEY (`ID`)
) ENGINE=InnoDB DEFAULT CHARSET=latin1;

-- Copiando dados para a tabela promotorasdeve.tb_acessos: ~2.019 rows (aproximadamente)
DELETE FROM `tb_acessos`;
/*!40000 ALTER TABLE `tb_acessos` DISABLE KEYS */;
INSERT INTO `tb_acessos` (`ID`, `DataHora`) VALUES
	(27215, '2019-10-25 10:34:49'),
	(27216, '2019-10-25 10:35:04'),
	(27217, '2019-10-25 10:38:12'),
	(27218, '2019-10-25 11:27:40'),
	(27219, '2019-10-25 13:26:02'),
	(27220, '2019-10-25 13:28:13'),
	(27221, '2019-10-25 13:36:54'),
	(27222, '2019-10-25 13:37:28'),
	(27223, '2019-10-25 13:41:23'),
	(27224, '2019-10-25 13:41:27'),
	(27225, '2019-10-25 13:41:48'),
	(27226, '2019-10-25 13:41:52'),
	(27227, '2019-10-25 13:42:58'),
	(27228, '2019-10-25 13:47:49'),
	(27229, '2019-10-25 13:57:47'),
	(27230, '2019-10-25 13:57:49'),
	(27231, '2019-10-25 14:00:25'),
	(27232, '2019-10-25 14:03:24'),
	(27233, '2019-10-25 14:04:17'),
	(27234, '2019-10-25 14:27:13'),
	(27235, '2019-10-25 14:41:02'),
	(27236, '2019-10-25 14:43:43'),
	(27237, '2019-10-25 14:43:47'),
	(27238, '2019-10-25 14:43:51'),
	(27239, '2019-10-25 15:00:54'),
	(27240, '2019-10-25 16:06:11'),
	(27241, '2019-10-25 16:08:58'),
	(27242, '2019-10-25 16:09:31'),
	(27243, '2019-10-25 16:11:39'),
	(27244, '2019-10-25 16:11:55'),
	(27245, '2019-10-25 16:16:00'),
	(27246, '2019-10-25 16:17:26'),
	(27247, '2019-10-25 16:24:40'),
	(27248, '2019-10-25 16:28:54'),
	(27249, '2019-10-25 16:30:39'),
	(27250, '2019-10-25 16:41:10'),
	(27251, '2019-10-25 17:07:56'),
	(27252, '2019-10-25 17:34:23'),
	(27253, '2019-10-25 20:13:02'),
	(27254, '2019-10-28 00:18:12'),
	(27255, '2019-10-28 08:45:19'),
	(27256, '2019-10-28 09:31:46'),
	(27257, '2019-10-28 09:43:45'),
	(27258, '2019-10-28 09:44:30'),
	(27259, '2019-10-28 09:45:18'),
	(27260, '2019-10-28 09:46:41'),
	(27261, '2019-10-28 09:48:11'),
	(27262, '2019-10-28 09:49:20'),
	(27263, '2019-10-28 09:49:40'),
	(27264, '2019-10-28 09:51:15'),
	(27265, '2019-10-28 09:51:38'),
	(27266, '2019-10-28 09:52:19'),
	(27267, '2019-10-28 09:52:53'),
	(27268, '2019-10-28 09:53:13'),
	(27269, '2019-10-28 09:53:25'),
	(27270, '2019-10-28 09:53:33'),
	(27271, '2019-10-28 09:53:42'),
	(27272, '2019-10-28 09:53:52'),
	(27273, '2019-10-28 09:54:13'),
	(27274, '2019-10-28 09:54:26'),
	(27275, '2019-10-28 09:54:35'),
	(27276, '2019-10-28 09:54:50'),
	(27277, '2019-10-28 09:54:57'),
	(27278, '2019-10-28 09:55:25'),
	(27279, '2019-10-28 09:55:35'),
	(27280, '2019-10-28 09:55:41'),
	(27281, '2019-10-28 09:56:43'),
	(27282, '2019-10-28 09:57:29'),
	(27283, '2019-10-28 09:58:01'),
	(27284, '2019-10-28 09:59:15'),
	(27285, '2019-10-28 09:59:30'),
	(27286, '2019-10-28 09:59:45'),
	(27287, '2019-10-28 09:59:59'),
	(27288, '2019-10-28 10:00:38'),
	(27289, '2019-10-28 10:00:46'),
	(27290, '2019-10-28 10:02:21'),
	(27291, '2019-10-28 10:02:49'),
	(27292, '2019-10-28 10:07:25'),
	(27293, '2019-10-28 10:12:08'),
	(27294, '2019-10-28 10:18:13'),
	(27295, '2019-10-28 10:18:36'),
	(27296, '2019-10-28 10:19:15'),
	(27297, '2019-10-28 10:21:16'),
	(27298, '2019-10-28 10:24:39'),
	(27299, '2019-10-28 10:25:34'),
	(27300, '2019-10-28 10:25:45'),
	(27301, '2019-10-28 10:25:54'),
	(27302, '2019-10-28 10:26:10'),
	(27303, '2019-10-28 10:26:18'),
	(27304, '2019-10-28 10:26:30'),
	(27305, '2019-10-28 10:26:38'),
	(27306, '2019-10-28 10:27:11'),
	(27307, '2019-10-28 10:27:53'),
	(27308, '2019-10-28 10:27:54'),
	(27309, '2019-10-28 10:28:28'),
	(27310, '2019-10-28 10:28:36'),
	(27311, '2019-10-28 10:28:41'),
	(27312, '2019-10-28 10:28:57'),
	(27313, '2019-10-28 10:29:11'),
	(27314, '2019-10-28 10:29:27'),
	(27315, '2019-10-28 10:29:42'),
	(27316, '2019-10-28 10:29:59'),
	(27317, '2019-10-28 10:30:28'),
	(27318, '2019-10-28 10:30:44'),
	(27319, '2019-10-28 10:31:52'),
	(27320, '2019-10-28 10:35:11'),
	(27321, '2019-10-28 10:36:36'),
	(27322, '2019-10-28 10:38:40'),
	(27323, '2019-10-28 10:39:03'),
	(27324, '2019-10-28 10:43:46'),
	(27325, '2019-10-28 10:45:07'),
	(27326, '2019-10-28 10:45:37'),
	(27327, '2019-10-28 10:46:52'),
	(27328, '2019-10-28 10:47:25'),
	(27329, '2019-10-28 10:47:32'),
	(27330, '2019-10-28 10:48:39'),
	(27331, '2019-10-28 10:50:41'),
	(27332, '2019-10-28 10:51:26'),
	(27333, '2019-10-28 10:51:49'),
	(27334, '2019-10-28 10:52:06'),
	(27335, '2019-10-28 10:52:53'),
	(27336, '2019-10-28 10:53:14'),
	(27337, '2019-10-28 10:53:22'),
	(27338, '2019-10-28 10:53:37'),
	(27339, '2019-10-28 10:54:01'),
	(27340, '2019-10-28 10:54:43'),
	(27341, '2019-10-28 10:56:13'),
	(27342, '2019-10-28 10:56:25'),
	(27343, '2019-10-28 10:56:37'),
	(27344, '2019-10-28 10:57:57'),
	(27345, '2019-10-28 10:58:27'),
	(27346, '2019-10-28 10:58:39'),
	(27347, '2019-10-28 10:58:53'),
	(27348, '2019-10-28 10:59:02'),
	(27349, '2019-10-28 10:59:18'),
	(27350, '2019-10-28 10:59:26'),
	(27351, '2019-10-28 10:59:35'),
	(27352, '2019-10-28 10:59:43'),
	(27353, '2019-10-28 11:03:06'),
	(27354, '2019-10-28 11:04:02'),
	(27355, '2019-10-28 11:04:07'),
	(27356, '2019-10-28 11:04:07'),
	(27357, '2019-10-28 11:04:48'),
	(27358, '2019-10-28 11:05:33'),
	(27359, '2019-10-28 11:05:57'),
	(27360, '2019-10-28 11:06:22'),
	(27361, '2019-10-28 11:07:41'),
	(27362, '2019-10-28 11:07:50'),
	(27363, '2019-10-28 12:58:50'),
	(27364, '2019-10-28 13:13:58'),
	(27365, '2019-10-28 13:15:20'),
	(27366, '2019-10-28 13:34:43'),
	(27367, '2019-10-28 13:42:41'),
	(27368, '2019-10-28 13:48:41'),
	(27369, '2019-10-28 13:51:48'),
	(27370, '2019-10-28 13:55:29'),
	(27371, '2019-10-28 13:55:55'),
	(27372, '2019-10-28 13:57:15'),
	(27373, '2019-10-28 13:58:08'),
	(27374, '2019-10-28 13:58:16'),
	(27375, '2019-10-28 13:58:35'),
	(27376, '2019-10-28 13:59:45'),
	(27377, '2019-10-28 14:00:23'),
	(27378, '2019-10-28 14:02:07'),
	(27379, '2019-10-28 14:03:40'),
	(27380, '2019-10-28 14:04:46'),
	(27381, '2019-10-28 14:07:18'),
	(27382, '2019-10-28 14:07:26'),
	(27383, '2019-10-28 14:07:44'),
	(27384, '2019-10-28 14:09:10'),
	(27385, '2019-10-28 14:11:22'),
	(27386, '2019-10-28 14:15:13'),
	(27387, '2019-10-28 14:15:51'),
	(27388, '2019-10-28 14:16:17'),
	(27389, '2019-10-28 14:17:06'),
	(27390, '2019-10-28 15:22:06'),
	(27391, '2019-10-28 15:42:17'),
	(27392, '2019-10-28 15:42:49'),
	(27393, '2019-10-28 16:13:18'),
	(27394, '2019-10-28 16:17:31'),
	(27395, '2019-10-28 16:20:06'),
	(27396, '2019-10-28 16:27:01'),
	(27397, '2019-10-28 16:42:49'),
	(27398, '2019-10-28 16:43:05'),
	(27399, '2019-10-28 16:45:19'),
	(27400, '2019-10-28 16:45:27'),
	(27401, '2019-10-28 16:45:48'),
	(27402, '2019-10-28 16:45:54'),
	(27403, '2019-10-28 16:46:39'),
	(27404, '2019-10-28 16:46:46'),
	(27405, '2019-10-28 16:47:55'),
	(27406, '2019-10-28 16:48:08'),
	(27407, '2019-10-28 17:07:10'),
	(27408, '2019-10-28 17:28:26'),
	(27409, '2019-10-28 17:29:34'),
	(27410, '2019-10-28 17:30:04'),
	(27411, '2019-10-28 17:30:24'),
	(27412, '2019-10-28 17:30:45'),
	(27413, '2019-10-28 17:30:49'),
	(27414, '2019-10-28 20:25:44'),
	(27415, '2019-10-28 20:25:45'),
	(27416, '2019-10-28 20:29:34'),
	(27417, '2019-10-28 20:29:34'),
	(27418, '2019-10-29 01:06:03'),
	(27419, '2019-10-29 08:24:35'),
	(27420, '2019-10-29 08:24:40'),
	(27421, '2019-10-29 08:24:42'),
	(27422, '2019-10-29 08:45:38'),
	(27423, '2019-10-29 08:50:28'),
	(27424, '2019-10-29 08:50:46'),
	(27425, '2019-10-29 08:51:56'),
	(27426, '2019-10-29 08:58:50'),
	(27427, '2019-10-29 09:00:57'),
	(27428, '2019-10-29 09:01:41'),
	(27429, '2019-10-29 09:02:08'),
	(27430, '2019-10-29 09:05:22'),
	(27431, '2019-10-29 09:06:45'),
	(27432, '2019-10-29 09:09:16'),
	(27433, '2019-10-29 09:09:56'),
	(27434, '2019-10-29 09:12:10'),
	(27435, '2019-10-29 09:13:39'),
	(27436, '2019-10-29 09:20:00'),
	(27437, '2019-10-29 09:20:34'),
	(27438, '2019-10-29 09:22:07'),
	(27439, '2019-10-29 09:24:29'),
	(27440, '2019-10-29 09:25:38'),
	(27441, '2019-10-29 09:25:59'),
	(27442, '2019-10-29 09:26:27'),
	(27443, '2019-10-29 09:26:43'),
	(27444, '2019-10-29 09:28:57'),
	(27445, '2019-10-29 09:29:08'),
	(27446, '2019-10-29 09:29:28'),
	(27447, '2019-10-29 09:32:38'),
	(27448, '2019-10-29 09:32:56'),
	(27449, '2019-10-29 09:35:57'),
	(27450, '2019-10-29 09:36:08'),
	(27451, '2019-10-29 09:36:39'),
	(27452, '2019-10-29 09:38:55'),
	(27453, '2019-10-29 09:42:28'),
	(27454, '2019-10-29 09:45:07'),
	(27455, '2019-10-29 09:45:22'),
	(27456, '2019-10-29 09:45:46'),
	(27457, '2019-10-29 09:45:58'),
	(27458, '2019-10-29 09:46:41'),
	(27459, '2019-10-29 09:46:49'),
	(27460, '2019-10-29 09:49:40'),
	(27461, '2019-10-29 09:50:51'),
	(27462, '2019-10-29 09:51:07'),
	(27463, '2019-10-29 09:51:41'),
	(27464, '2019-10-29 09:52:06'),
	(27465, '2019-10-29 10:16:03'),
	(27466, '2019-10-29 10:17:07'),
	(27467, '2019-10-29 10:19:21'),
	(27468, '2019-10-29 10:21:26'),
	(27469, '2019-10-29 10:22:00'),
	(27470, '2019-10-29 10:23:21'),
	(27471, '2019-10-29 10:23:33'),
	(27472, '2019-10-29 10:23:40'),
	(27473, '2019-10-29 10:27:24'),
	(27474, '2019-10-29 10:28:21'),
	(27475, '2019-10-29 10:28:42'),
	(27476, '2019-10-29 10:29:03'),
	(27477, '2019-10-29 10:29:07'),
	(27478, '2019-10-29 10:29:27'),
	(27479, '2019-10-29 10:29:53'),
	(27480, '2019-10-29 10:39:13'),
	(27481, '2019-10-29 10:45:53'),
	(27482, '2019-10-29 10:51:37'),
	(27483, '2019-10-29 11:04:11'),
	(27484, '2019-10-29 11:09:51'),
	(27485, '2019-10-29 11:12:26'),
	(27486, '2019-10-29 11:14:13'),
	(27487, '2019-10-29 11:19:15'),
	(27488, '2019-10-29 11:19:28'),
	(27489, '2019-10-29 11:19:35'),
	(27490, '2019-10-29 11:19:50'),
	(27491, '2019-10-29 11:20:15'),
	(27492, '2019-10-29 13:18:13'),
	(27493, '2019-10-29 13:18:17'),
	(27494, '2019-10-29 13:20:07'),
	(27495, '2019-10-29 13:20:34'),
	(27496, '2019-10-29 13:21:38'),
	(27497, '2019-10-29 13:22:02'),
	(27498, '2019-10-29 13:32:53'),
	(27499, '2019-10-29 13:34:25'),
	(27500, '2019-10-29 13:35:20'),
	(27501, '2019-10-29 13:35:50'),
	(27502, '2019-10-29 13:59:45'),
	(27503, '2019-10-29 14:00:14'),
	(27504, '2019-10-29 14:03:21'),
	(27505, '2019-10-29 14:05:26'),
	(27506, '2019-10-29 14:06:34'),
	(27507, '2019-10-29 14:07:10'),
	(27508, '2019-10-29 14:08:17'),
	(27509, '2019-10-29 14:11:40'),
	(27510, '2019-10-29 14:15:47'),
	(27511, '2019-10-29 14:20:41'),
	(27512, '2019-10-29 14:21:04'),
	(27513, '2019-10-29 14:21:49'),
	(27514, '2019-10-29 14:22:38'),
	(27515, '2019-10-29 14:24:26'),
	(27516, '2019-10-29 14:25:19'),
	(27517, '2019-10-29 14:25:25'),
	(27518, '2019-10-29 14:25:33'),
	(27519, '2019-10-29 14:26:50'),
	(27520, '2019-10-29 14:27:37'),
	(27521, '2019-10-29 14:28:25'),
	(27522, '2019-10-29 14:28:47'),
	(27523, '2019-10-29 14:28:53'),
	(27524, '2019-10-29 14:28:57'),
	(27525, '2019-10-29 14:29:02'),
	(27526, '2019-10-29 14:29:39'),
	(27527, '2019-10-29 14:29:53'),
	(27528, '2019-10-29 14:30:17'),
	(27529, '2019-10-29 14:30:46'),
	(27530, '2019-10-29 14:31:17'),
	(27531, '2019-10-29 14:32:15'),
	(27532, '2019-10-29 14:32:46'),
	(27533, '2019-10-29 14:32:56'),
	(27534, '2019-10-29 14:36:59'),
	(27535, '2019-10-29 14:45:22'),
	(27536, '2019-10-29 14:49:58'),
	(27537, '2019-10-29 14:50:37'),
	(27538, '2019-10-29 14:51:47'),
	(27539, '2019-10-29 14:52:55'),
	(27540, '2019-10-29 15:06:22'),
	(27541, '2019-10-29 15:06:27'),
	(27542, '2019-10-29 15:21:59'),
	(27543, '2019-10-29 15:23:32'),
	(27544, '2019-10-29 15:24:10'),
	(27545, '2019-10-29 15:24:58'),
	(27546, '2019-10-29 15:25:13'),
	(27547, '2019-10-29 15:26:02'),
	(27548, '2019-10-29 15:26:59'),
	(27549, '2019-10-29 15:27:15'),
	(27550, '2019-10-29 15:27:38'),
	(27551, '2019-10-29 15:28:06'),
	(27552, '2019-10-29 15:29:05'),
	(27553, '2019-10-29 15:29:23'),
	(27554, '2019-10-29 15:30:38'),
	(27555, '2019-10-29 15:30:55'),
	(27556, '2019-10-29 15:31:07'),
	(27557, '2019-10-29 15:32:36'),
	(27558, '2019-10-29 15:32:57'),
	(27559, '2019-10-29 15:33:19'),
	(27560, '2019-10-29 15:33:38'),
	(27561, '2019-10-29 15:33:51'),
	(27562, '2019-10-29 15:34:05'),
	(27563, '2019-10-29 15:34:40'),
	(27564, '2019-10-29 15:34:52'),
	(27565, '2019-10-29 15:35:43'),
	(27566, '2019-10-29 15:36:06'),
	(27567, '2019-10-29 15:36:12'),
	(27568, '2019-10-29 15:36:38'),
	(27569, '2019-10-29 15:36:52'),
	(27570, '2019-10-29 15:37:01'),
	(27571, '2019-10-29 15:37:50'),
	(27572, '2019-10-29 15:38:16'),
	(27573, '2019-10-29 15:38:21'),
	(27574, '2019-10-29 15:39:26'),
	(27575, '2019-10-29 15:39:44'),
	(27576, '2019-10-29 15:40:26'),
	(27577, '2019-10-29 15:40:41'),
	(27578, '2019-10-29 15:41:54'),
	(27579, '2019-10-29 15:42:02'),
	(27580, '2019-10-29 15:45:36'),
	(27581, '2019-10-29 15:53:46'),
	(27582, '2019-10-29 15:54:54'),
	(27583, '2019-10-29 15:55:08'),
	(27584, '2019-10-29 15:55:32'),
	(27585, '2019-10-29 15:55:46'),
	(27586, '2019-10-29 15:56:17'),
	(27587, '2019-10-29 15:57:43'),
	(27588, '2019-10-29 15:58:25'),
	(27589, '2019-10-29 15:58:43'),
	(27590, '2019-10-29 15:59:05'),
	(27591, '2019-10-29 16:00:09'),
	(27592, '2019-10-29 16:01:32'),
	(27593, '2019-10-29 16:02:39'),
	(27594, '2019-10-29 16:03:27'),
	(27595, '2019-10-29 16:04:09'),
	(27596, '2019-10-29 16:04:40'),
	(27597, '2019-10-29 16:05:32'),
	(27598, '2019-10-29 16:05:59'),
	(27599, '2019-10-29 16:06:16'),
	(27600, '2019-10-29 16:07:20'),
	(27601, '2019-10-29 16:07:43'),
	(27602, '2019-10-29 16:11:52'),
	(27603, '2019-10-29 16:16:10'),
	(27604, '2019-10-29 16:17:27'),
	(27605, '2019-10-29 16:20:24'),
	(27606, '2019-10-29 16:20:58'),
	(27607, '2019-10-29 16:21:28'),
	(27608, '2019-10-29 16:21:50'),
	(27609, '2019-10-29 16:22:07'),
	(27610, '2019-10-29 16:22:44'),
	(27611, '2019-10-29 16:22:58'),
	(27612, '2019-10-29 16:24:14'),
	(27613, '2019-10-29 16:25:22'),
	(27614, '2019-10-29 16:26:21'),
	(27615, '2019-10-29 16:26:34'),
	(27616, '2019-10-29 16:26:42'),
	(27617, '2019-10-29 16:28:05'),
	(27618, '2019-10-29 16:28:13'),
	(27619, '2019-10-29 16:29:50'),
	(27620, '2019-10-29 16:32:09'),
	(27621, '2019-10-29 16:32:31'),
	(27622, '2019-10-29 16:35:18'),
	(27623, '2019-10-29 16:35:18'),
	(27624, '2019-10-29 16:35:20'),
	(27625, '2019-10-29 16:35:21'),
	(27626, '2019-10-29 16:48:23'),
	(27627, '2019-10-29 16:51:28'),
	(27628, '2019-10-29 17:05:10'),
	(27629, '2019-10-29 17:05:48'),
	(27630, '2019-10-29 17:05:48'),
	(27631, '2019-10-29 17:05:51'),
	(27632, '2019-10-29 17:05:52'),
	(27633, '2019-10-29 17:12:08'),
	(27634, '2019-10-29 17:12:19'),
	(27635, '2019-10-29 17:12:38'),
	(27636, '2019-10-29 17:14:18'),
	(27637, '2019-10-29 17:15:07'),
	(27638, '2019-10-29 17:15:33'),
	(27639, '2019-10-29 17:15:55'),
	(27640, '2019-10-29 17:16:24'),
	(27641, '2019-10-29 17:16:57'),
	(27642, '2019-10-29 17:17:11'),
	(27643, '2019-10-29 17:17:32'),
	(27644, '2019-10-29 17:19:51'),
	(27645, '2019-10-29 17:20:13'),
	(27646, '2019-10-29 17:20:15'),
	(27647, '2019-10-29 17:21:01'),
	(27648, '2019-10-29 17:23:11'),
	(27649, '2019-10-29 17:23:30'),
	(27650, '2019-10-29 17:24:23'),
	(27651, '2019-10-29 17:26:07'),
	(27652, '2019-10-29 17:28:42'),
	(27653, '2019-10-29 17:29:06'),
	(27654, '2019-10-29 17:29:49'),
	(27655, '2019-10-29 17:33:31'),
	(27656, '2019-10-29 17:34:14'),
	(27657, '2019-10-29 17:35:15'),
	(27658, '2019-10-29 17:35:58'),
	(27659, '2019-10-29 17:36:02'),
	(27660, '2019-10-29 17:36:03'),
	(27661, '2019-10-29 17:36:06'),
	(27662, '2019-10-29 17:36:07'),
	(27663, '2019-10-29 17:37:20'),
	(27664, '2019-10-29 17:37:30'),
	(27665, '2019-10-29 17:39:45'),
	(27666, '2019-10-29 17:39:49'),
	(27667, '2019-10-29 17:48:50'),
	(27668, '2019-10-29 17:49:48'),
	(27669, '2019-10-29 17:49:49'),
	(27670, '2019-10-29 17:49:54'),
	(27671, '2019-10-29 17:50:25'),
	(27672, '2019-10-29 17:50:31'),
	(27673, '2019-10-29 17:52:23'),
	(27674, '2019-10-29 17:53:30'),
	(27675, '2019-10-29 17:54:12'),
	(27676, '2019-10-29 17:54:43'),
	(27677, '2019-10-29 17:56:10'),
	(27678, '2019-10-29 17:56:46'),
	(27679, '2019-10-29 17:56:57'),
	(27680, '2019-10-29 17:57:07'),
	(27681, '2019-10-29 17:58:16'),
	(27682, '2019-10-29 17:58:57'),
	(27683, '2019-10-29 18:06:24'),
	(27684, '2019-10-29 18:06:28'),
	(27685, '2019-10-29 18:06:31'),
	(27686, '2019-10-29 18:06:37'),
	(27687, '2019-10-29 18:06:41'),
	(27688, '2019-10-29 18:07:04'),
	(27689, '2019-10-29 18:07:08'),
	(27690, '2019-10-29 18:07:12'),
	(27691, '2019-10-29 18:07:22'),
	(27692, '2019-10-29 18:07:25'),
	(27693, '2019-10-29 18:07:29'),
	(27694, '2019-10-29 22:22:23'),
	(27695, '2019-10-30 08:18:45'),
	(27696, '2019-10-30 08:57:50'),
	(27697, '2019-10-30 09:00:02'),
	(27698, '2019-10-30 09:00:08'),
	(27699, '2019-10-30 09:21:25'),
	(27700, '2019-10-30 09:21:27'),
	(27701, '2019-10-30 09:29:42'),
	(27702, '2019-10-30 09:30:15'),
	(27703, '2019-10-30 09:31:23'),
	(27704, '2019-10-30 09:31:27'),
	(27705, '2019-10-30 09:33:11'),
	(27706, '2019-10-30 09:33:29'),
	(27707, '2019-10-30 09:33:36'),
	(27708, '2019-10-30 09:36:07'),
	(27709, '2019-10-30 09:36:45'),
	(27710, '2019-10-30 09:36:50'),
	(27711, '2019-10-30 09:36:55'),
	(27712, '2019-10-30 09:37:52'),
	(27713, '2019-10-30 09:37:57'),
	(27714, '2019-10-30 09:59:04'),
	(27715, '2019-10-30 09:59:04'),
	(27716, '2019-10-30 09:59:06'),
	(27717, '2019-10-30 09:59:07'),
	(27718, '2019-10-30 10:08:00'),
	(27719, '2019-10-30 10:18:24'),
	(27720, '2019-10-30 10:18:47'),
	(27721, '2019-10-30 10:19:47'),
	(27722, '2019-10-30 10:19:52'),
	(27723, '2019-10-30 10:20:23'),
	(27724, '2019-10-30 10:20:29'),
	(27725, '2019-10-30 10:21:07'),
	(27726, '2019-10-30 10:21:55'),
	(27727, '2019-10-30 10:22:16'),
	(27728, '2019-10-30 10:23:37'),
	(27729, '2019-10-30 10:24:01'),
	(27730, '2019-10-30 10:24:17'),
	(27731, '2019-10-30 10:24:36'),
	(27732, '2019-10-30 10:24:36'),
	(27733, '2019-10-30 10:24:36'),
	(27734, '2019-10-30 10:24:37'),
	(27735, '2019-10-30 10:24:37'),
	(27736, '2019-10-30 10:25:16'),
	(27737, '2019-10-30 10:25:23'),
	(27738, '2019-10-30 10:25:24'),
	(27739, '2019-10-30 10:26:13'),
	(27740, '2019-10-30 10:26:29'),
	(27741, '2019-10-30 10:26:41'),
	(27742, '2019-10-30 10:26:57'),
	(27743, '2019-10-30 10:27:17'),
	(27744, '2019-10-30 10:27:28'),
	(27745, '2019-10-30 10:27:41'),
	(27746, '2019-10-30 10:27:53'),
	(27747, '2019-10-30 10:28:10'),
	(27748, '2019-10-30 10:28:24'),
	(27749, '2019-10-30 10:28:26'),
	(27750, '2019-10-30 10:29:06'),
	(27751, '2019-10-30 10:29:13'),
	(27752, '2019-10-30 10:29:38'),
	(27753, '2019-10-30 10:29:51'),
	(27754, '2019-10-30 10:32:47'),
	(27755, '2019-10-30 10:32:49'),
	(27756, '2019-10-30 10:33:16'),
	(27757, '2019-10-30 10:33:38'),
	(27758, '2019-10-30 10:34:44'),
	(27759, '2019-10-30 10:35:42'),
	(27760, '2019-10-30 10:37:58'),
	(27761, '2019-10-30 10:38:46'),
	(27762, '2019-10-30 10:39:20'),
	(27763, '2019-10-30 10:40:15'),
	(27764, '2019-10-30 10:40:41'),
	(27765, '2019-10-30 10:41:08'),
	(27766, '2019-10-30 10:42:29'),
	(27767, '2019-10-30 10:42:29'),
	(27768, '2019-10-30 10:42:31'),
	(27769, '2019-10-30 10:42:32'),
	(27770, '2019-10-30 10:43:58'),
	(27771, '2019-10-30 10:44:02'),
	(27772, '2019-10-30 10:44:14'),
	(27773, '2019-10-30 10:44:17'),
	(27774, '2019-10-30 10:47:45'),
	(27775, '2019-10-30 10:59:15'),
	(27776, '2019-10-30 10:59:18'),
	(27777, '2019-10-30 10:59:56'),
	(27778, '2019-10-30 11:00:00'),
	(27779, '2019-10-30 11:00:05'),
	(27780, '2019-10-30 11:00:10'),
	(27781, '2019-10-30 11:00:14'),
	(27782, '2019-10-30 11:00:18'),
	(27783, '2019-10-30 11:00:35'),
	(27784, '2019-10-30 11:00:39'),
	(27785, '2019-10-30 11:00:43'),
	(27786, '2019-10-30 11:21:15'),
	(27787, '2019-10-30 11:43:47'),
	(27788, '2019-10-30 11:43:47'),
	(27789, '2019-10-30 11:43:51'),
	(27790, '2019-10-30 11:43:51'),
	(27791, '2019-10-30 11:43:54'),
	(27792, '2019-10-30 11:44:03'),
	(27793, '2019-10-30 11:44:04'),
	(27794, '2019-10-30 11:44:07'),
	(27795, '2019-10-30 11:44:08'),
	(27796, '2019-10-30 11:44:11'),
	(27797, '2019-10-30 11:44:12'),
	(27798, '2019-10-30 11:44:16'),
	(27799, '2019-10-30 11:51:57'),
	(27800, '2019-10-30 14:12:20'),
	(27801, '2019-10-30 14:33:15'),
	(27802, '2019-10-30 14:38:47'),
	(27803, '2019-10-30 14:38:47'),
	(27804, '2019-10-30 14:38:50'),
	(27805, '2019-10-30 14:38:50'),
	(27806, '2019-10-30 14:42:25'),
	(27807, '2019-10-30 14:42:25'),
	(27808, '2019-10-30 14:42:27'),
	(27809, '2019-10-30 14:42:27'),
	(27810, '2019-10-30 14:51:40'),
	(27811, '2019-10-30 14:51:56'),
	(27812, '2019-10-30 14:52:28'),
	(27813, '2019-10-30 14:52:38'),
	(27814, '2019-10-30 14:53:13'),
	(27815, '2019-10-30 14:53:13'),
	(27816, '2019-10-30 14:53:16'),
	(27817, '2019-10-30 14:53:17'),
	(27818, '2019-10-30 14:54:21'),
	(27819, '2019-10-30 14:54:24'),
	(27820, '2019-10-30 14:54:44'),
	(27821, '2019-10-30 14:58:03'),
	(27822, '2019-10-30 15:00:42'),
	(27823, '2019-10-30 15:00:48'),
	(27824, '2019-10-30 15:40:16'),
	(27825, '2019-10-30 15:40:20'),
	(27826, '2019-10-30 15:40:22'),
	(27827, '2019-10-30 15:42:54'),
	(27828, '2019-10-30 15:42:59'),
	(27829, '2019-10-30 15:44:29'),
	(27830, '2019-10-30 15:44:32'),
	(27831, '2019-10-30 15:44:35'),
	(27832, '2019-10-30 15:51:07'),
	(27833, '2019-10-30 15:52:03'),
	(27834, '2019-10-30 15:53:59'),
	(27835, '2019-10-30 15:54:05'),
	(27836, '2019-10-30 15:54:08'),
	(27837, '2019-10-30 15:54:11'),
	(27838, '2019-10-30 15:54:11'),
	(27839, '2019-10-30 15:54:15'),
	(27840, '2019-10-30 15:54:19'),
	(27841, '2019-10-30 15:54:21'),
	(27842, '2019-10-30 15:54:31'),
	(27843, '2019-10-30 15:55:04'),
	(27844, '2019-10-30 15:55:08'),
	(27845, '2019-10-30 15:55:12'),
	(27846, '2019-10-30 15:55:13'),
	(27847, '2019-10-30 15:55:18'),
	(27848, '2019-10-30 15:55:21'),
	(27849, '2019-10-30 15:55:23'),
	(27850, '2019-10-30 15:55:48'),
	(27851, '2019-10-30 15:55:50'),
	(27852, '2019-10-30 15:55:52'),
	(27853, '2019-10-30 15:55:53'),
	(27854, '2019-10-30 15:55:55'),
	(27855, '2019-10-30 15:55:56'),
	(27856, '2019-10-30 15:55:57'),
	(27857, '2019-10-30 15:55:58'),
	(27858, '2019-10-30 15:55:58'),
	(27859, '2019-10-30 15:55:59'),
	(27860, '2019-10-30 15:56:01'),
	(27861, '2019-10-30 15:56:02'),
	(27862, '2019-10-30 15:58:20'),
	(27863, '2019-10-30 16:46:04'),
	(27864, '2019-10-30 16:52:51'),
	(27865, '2019-10-30 17:11:58'),
	(27866, '2019-10-30 17:28:55'),
	(27867, '2019-10-30 17:30:26'),
	(27868, '2019-10-30 17:31:29'),
	(27869, '2019-10-31 08:55:13'),
	(27870, '2019-10-31 08:58:19'),
	(27871, '2019-10-31 08:58:28'),
	(27872, '2019-10-31 09:38:00'),
	(27873, '2019-10-31 09:50:22'),
	(27874, '2019-10-31 09:50:29'),
	(27875, '2019-10-31 09:51:21'),
	(27876, '2019-10-31 09:55:43'),
	(27877, '2019-10-31 09:55:45'),
	(27878, '2019-10-31 09:55:53'),
	(27879, '2019-10-31 09:56:26'),
	(27880, '2019-10-31 10:09:41'),
	(27881, '2019-10-31 10:09:42'),
	(27882, '2019-10-31 10:15:03'),
	(27883, '2019-10-31 10:15:04'),
	(27884, '2019-10-31 10:15:09'),
	(27885, '2019-10-31 10:15:27'),
	(27886, '2019-10-31 10:28:48'),
	(27887, '2019-10-31 10:28:56'),
	(27888, '2019-10-31 10:29:26'),
	(27889, '2019-10-31 10:30:33'),
	(27890, '2019-10-31 10:32:14'),
	(27891, '2019-10-31 10:34:45'),
	(27892, '2019-10-31 10:35:28'),
	(27893, '2019-10-31 10:36:33'),
	(27894, '2019-10-31 10:36:54'),
	(27895, '2019-10-31 10:37:43'),
	(27896, '2019-10-31 10:41:53'),
	(27897, '2019-10-31 10:43:56'),
	(27898, '2019-10-31 10:43:58'),
	(27899, '2019-10-31 10:43:59'),
	(27900, '2019-10-31 10:44:17'),
	(27901, '2019-10-31 10:44:24'),
	(27902, '2019-10-31 10:44:41'),
	(27903, '2019-10-31 10:44:59'),
	(27904, '2019-10-31 10:45:01'),
	(27905, '2019-10-31 11:03:53'),
	(27906, '2019-10-31 11:06:32'),
	(27907, '2019-10-31 11:06:44'),
	(27908, '2019-10-31 11:18:35'),
	(27909, '2019-10-31 11:23:02'),
	(27910, '2019-10-31 11:37:33'),
	(27911, '2019-10-31 13:31:45'),
	(27912, '2019-10-31 13:32:03'),
	(27913, '2019-10-31 13:32:31'),
	(27914, '2019-10-31 13:37:46'),
	(27915, '2019-10-31 13:39:51'),
	(27916, '2019-10-31 13:49:54'),
	(27917, '2019-10-31 13:50:15'),
	(27918, '2019-10-31 13:51:21'),
	(27919, '2019-10-31 13:53:17'),
	(27920, '2019-10-31 13:59:52'),
	(27921, '2019-10-31 14:02:44'),
	(27922, '2019-10-31 14:02:46'),
	(27923, '2019-10-31 14:02:46'),
	(27924, '2019-10-31 14:02:46'),
	(27925, '2019-10-31 14:03:31'),
	(27926, '2019-10-31 14:03:32'),
	(27927, '2019-10-31 14:04:52'),
	(27928, '2019-10-31 14:12:07'),
	(27929, '2019-10-31 14:17:06'),
	(27930, '2019-10-31 14:17:38'),
	(27931, '2019-10-31 14:19:19'),
	(27932, '2019-10-31 14:21:58'),
	(27933, '2019-10-31 14:30:48'),
	(27934, '2019-10-31 14:30:54'),
	(27935, '2019-10-31 14:43:49'),
	(27936, '2019-10-31 15:05:55'),
	(27937, '2019-10-31 15:10:23'),
	(27938, '2019-10-31 15:23:34'),
	(27939, '2019-10-31 15:36:56'),
	(27940, '2019-10-31 15:40:34'),
	(27941, '2019-10-31 15:45:17'),
	(27942, '2019-10-31 15:53:46'),
	(27943, '2019-10-31 16:03:49'),
	(27944, '2019-10-31 16:29:56'),
	(27945, '2019-10-31 20:25:17'),
	(27946, '2019-10-31 21:31:19'),
	(27947, '2019-10-31 21:56:18'),
	(27948, '2019-11-01 07:31:18'),
	(27949, '2019-11-01 09:07:33'),
	(27950, '2019-11-01 09:15:43'),
	(27951, '2019-11-01 10:56:06'),
	(27952, '2019-11-01 10:57:04'),
	(27953, '2019-11-01 10:57:29'),
	(27954, '2019-11-01 10:58:14'),
	(27955, '2019-11-01 11:16:56'),
	(27956, '2019-11-01 11:17:08'),
	(27957, '2019-11-01 11:54:03'),
	(27958, '2019-11-01 11:55:48'),
	(27959, '2019-11-01 12:00:38'),
	(27960, '2019-11-01 12:00:47'),
	(27961, '2019-11-01 12:03:46'),
	(27962, '2019-11-01 12:03:55'),
	(27963, '2019-11-01 12:04:10'),
	(27964, '2019-11-01 12:08:39'),
	(27965, '2019-11-01 12:08:53'),
	(27966, '2019-11-01 13:21:44'),
	(27967, '2019-11-01 13:21:47'),
	(27968, '2019-11-01 13:22:02'),
	(27969, '2019-11-01 13:22:39'),
	(27970, '2019-11-01 13:22:54'),
	(27971, '2019-11-01 13:23:02'),
	(27972, '2019-11-01 13:23:58'),
	(27973, '2019-11-01 13:24:06'),
	(27974, '2019-11-01 13:25:31'),
	(27975, '2019-11-01 13:25:38'),
	(27976, '2019-11-01 13:27:54'),
	(27977, '2019-11-01 13:33:53'),
	(27978, '2019-11-01 13:34:42'),
	(27979, '2019-11-01 13:39:52'),
	(27980, '2019-11-01 13:43:41'),
	(27981, '2019-11-01 13:44:20'),
	(27982, '2019-11-01 13:44:52'),
	(27983, '2019-11-01 13:45:06'),
	(27984, '2019-11-01 13:46:19'),
	(27985, '2019-11-01 13:46:33'),
	(27986, '2019-11-01 13:47:14'),
	(27987, '2019-11-01 13:47:24'),
	(27988, '2019-11-01 13:48:45'),
	(27989, '2019-11-01 13:49:00'),
	(27990, '2019-11-01 13:57:06'),
	(27991, '2019-11-01 13:57:55'),
	(27992, '2019-11-01 14:01:30'),
	(27993, '2019-11-01 14:11:04'),
	(27994, '2019-11-01 14:14:44'),
	(27995, '2019-11-01 14:19:43'),
	(27996, '2019-11-01 14:22:23'),
	(27997, '2019-11-01 14:34:35'),
	(27998, '2019-11-01 14:35:27'),
	(27999, '2019-11-01 14:35:34'),
	(28000, '2019-11-01 14:47:48'),
	(28001, '2019-11-01 14:47:49'),
	(28002, '2019-11-01 14:47:51'),
	(28003, '2019-11-01 14:47:52'),
	(28004, '2019-11-01 14:48:22'),
	(28005, '2019-11-01 14:48:25'),
	(28006, '2019-11-01 14:56:32'),
	(28007, '2019-11-01 14:59:53'),
	(28008, '2019-11-01 15:00:23'),
	(28009, '2019-11-01 15:01:09'),
	(28010, '2019-11-01 15:03:32'),
	(28011, '2019-11-01 15:03:43'),
	(28012, '2019-11-01 15:22:50'),
	(28013, '2019-11-01 15:26:24'),
	(28014, '2019-11-01 15:26:25'),
	(28015, '2019-11-01 15:26:54'),
	(28016, '2019-11-01 15:26:54'),
	(28017, '2019-11-01 15:26:57'),
	(28018, '2019-11-01 15:29:03'),
	(28019, '2019-11-01 15:29:03'),
	(28020, '2019-11-01 15:29:05'),
	(28021, '2019-11-01 15:29:06'),
	(28022, '2019-11-01 15:29:35'),
	(28023, '2019-11-01 15:29:42'),
	(28024, '2019-11-01 15:30:25'),
	(28025, '2019-11-01 15:31:08'),
	(28026, '2019-11-01 15:31:08'),
	(28027, '2019-11-01 15:31:10'),
	(28028, '2019-11-01 15:31:11'),
	(28029, '2019-11-01 15:31:23'),
	(28030, '2019-11-01 15:31:23'),
	(28031, '2019-11-01 15:31:25'),
	(28032, '2019-11-01 15:31:26'),
	(28033, '2019-11-01 15:32:14'),
	(28034, '2019-11-01 15:32:14'),
	(28035, '2019-11-01 15:32:17'),
	(28036, '2019-11-01 15:32:19'),
	(28037, '2019-11-01 15:32:21'),
	(28038, '2019-11-01 15:32:21'),
	(28039, '2019-11-01 15:32:21'),
	(28040, '2019-11-01 15:32:21'),
	(28041, '2019-11-01 15:32:21'),
	(28042, '2019-11-01 15:32:21'),
	(28043, '2019-11-01 15:32:22'),
	(28044, '2019-11-01 15:32:24'),
	(28045, '2019-11-01 15:32:36'),
	(28046, '2019-11-01 15:48:12'),
	(28047, '2019-11-01 15:48:15'),
	(28048, '2019-11-01 15:48:19'),
	(28049, '2019-11-01 15:48:38'),
	(28050, '2019-11-01 15:48:43'),
	(28051, '2019-11-01 15:48:45'),
	(28052, '2019-11-01 15:48:47'),
	(28053, '2019-11-01 15:48:49'),
	(28054, '2019-11-01 15:52:36'),
	(28055, '2019-11-01 16:28:24'),
	(28056, '2019-11-01 16:28:28'),
	(28057, '2019-11-01 16:28:29'),
	(28058, '2019-11-01 16:28:32'),
	(28059, '2019-11-01 16:28:32'),
	(28060, '2019-11-01 16:28:36'),
	(28061, '2019-11-01 16:29:42'),
	(28062, '2019-11-01 16:29:47'),
	(28063, '2019-11-01 16:29:52'),
	(28064, '2019-11-01 16:31:01'),
	(28065, '2019-11-01 16:31:05'),
	(28066, '2019-11-01 16:32:28'),
	(28067, '2019-11-01 16:32:28'),
	(28068, '2019-11-01 16:32:32'),
	(28069, '2019-11-01 16:32:33'),
	(28070, '2019-11-01 16:32:35'),
	(28071, '2019-11-01 16:32:35'),
	(28072, '2019-11-01 16:32:36'),
	(28073, '2019-11-01 16:32:36'),
	(28074, '2019-11-01 16:32:37'),
	(28075, '2019-11-01 16:32:38'),
	(28076, '2019-11-01 16:32:39'),
	(28077, '2019-11-01 16:32:41'),
	(28078, '2019-11-01 16:32:45'),
	(28079, '2019-11-01 16:32:48'),
	(28080, '2019-11-01 16:32:59'),
	(28081, '2019-11-01 16:33:03'),
	(28082, '2019-11-01 16:33:03'),
	(28083, '2019-11-01 16:33:07'),
	(28084, '2019-11-01 16:33:08'),
	(28085, '2019-11-01 16:33:57'),
	(28086, '2019-11-01 16:34:01'),
	(28087, '2019-11-02 03:56:31'),
	(28088, '2019-11-03 21:31:35'),
	(28089, '2019-11-04 09:06:51'),
	(28090, '2019-11-04 09:07:01'),
	(28091, '2019-11-04 09:11:19'),
	(28092, '2019-11-04 09:11:23'),
	(28093, '2019-11-04 09:15:17'),
	(28094, '2019-11-04 09:17:25'),
	(28095, '2019-11-04 09:17:25'),
	(28096, '2019-11-04 16:10:06'),
	(28097, '2019-11-04 16:16:56'),
	(28098, '2019-11-04 16:17:51'),
	(28099, '2019-11-04 16:18:00'),
	(28100, '2019-11-04 16:18:06'),
	(28101, '2019-11-04 16:19:08'),
	(28102, '2019-11-04 16:19:41'),
	(28103, '2019-11-04 16:19:50'),
	(28104, '2019-11-04 16:22:49'),
	(28105, '2019-11-04 16:23:02'),
	(28106, '2019-11-04 16:23:11'),
	(28107, '2019-11-04 16:23:19'),
	(28108, '2019-11-04 16:23:23'),
	(28109, '2019-11-04 16:25:46'),
	(28110, '2019-11-04 16:25:49'),
	(28111, '2019-11-04 16:25:52'),
	(28112, '2019-11-04 16:27:08'),
	(28113, '2019-11-04 16:27:44'),
	(28114, '2019-11-04 16:33:24'),
	(28115, '2019-11-04 16:33:25'),
	(28116, '2019-11-05 03:56:34'),
	(28117, '2019-11-05 09:25:23'),
	(28118, '2019-11-05 13:48:34'),
	(28119, '2019-11-05 13:51:10'),
	(28120, '2019-11-05 13:54:51'),
	(28121, '2019-11-05 13:58:13'),
	(28122, '2019-11-05 14:02:16'),
	(28123, '2019-11-05 14:12:42'),
	(28124, '2019-11-05 14:12:49'),
	(28125, '2019-11-05 14:12:56'),
	(28126, '2019-11-05 14:13:50'),
	(28127, '2019-11-05 14:13:56'),
	(28128, '2019-11-05 14:14:54'),
	(28129, '2019-11-05 14:15:18'),
	(28130, '2019-11-05 14:16:52'),
	(28131, '2019-11-05 14:16:57'),
	(28132, '2019-11-05 14:17:25'),
	(28133, '2019-11-05 14:17:34'),
	(28134, '2019-11-05 14:17:42'),
	(28135, '2019-11-05 14:42:43'),
	(28136, '2019-11-05 14:46:36'),
	(28137, '2019-11-05 14:47:23'),
	(28138, '2019-11-05 14:48:35'),
	(28139, '2019-11-05 14:53:25'),
	(28140, '2019-11-05 14:54:00'),
	(28141, '2019-11-05 14:54:10'),
	(28142, '2019-11-05 14:54:49'),
	(28143, '2019-11-05 14:56:45'),
	(28144, '2019-11-05 14:57:00'),
	(28145, '2019-11-05 14:57:23'),
	(28146, '2019-11-05 14:57:35'),
	(28147, '2019-11-05 14:57:44'),
	(28148, '2019-11-05 14:57:51'),
	(28149, '2019-11-05 14:58:02'),
	(28150, '2019-11-05 14:59:41'),
	(28151, '2019-11-05 14:59:53'),
	(28152, '2019-11-05 15:01:21'),
	(28153, '2019-11-05 15:02:59'),
	(28154, '2019-11-05 15:03:50'),
	(28155, '2019-11-05 15:04:37'),
	(28156, '2019-11-05 15:08:06'),
	(28157, '2019-11-05 15:09:11'),
	(28158, '2019-11-05 15:09:26'),
	(28159, '2019-11-05 15:09:31'),
	(28160, '2019-11-05 15:19:48'),
	(28161, '2019-11-05 15:20:48'),
	(28162, '2019-11-05 15:22:31'),
	(28163, '2019-11-05 15:23:14'),
	(28164, '2019-11-05 15:23:25'),
	(28165, '2019-11-05 15:26:22'),
	(28166, '2019-11-05 15:27:12'),
	(28167, '2019-11-05 15:28:47'),
	(28168, '2019-11-05 15:29:13'),
	(28169, '2019-11-05 15:29:41'),
	(28170, '2019-11-05 15:30:31'),
	(28171, '2019-11-05 15:31:24'),
	(28172, '2019-11-05 15:31:43'),
	(28173, '2019-11-05 15:32:05'),
	(28174, '2019-11-05 15:37:20'),
	(28175, '2019-11-05 15:38:46'),
	(28176, '2019-11-05 15:39:02'),
	(28177, '2019-11-05 15:39:18'),
	(28178, '2019-11-05 15:39:39'),
	(28179, '2019-11-05 15:39:55'),
	(28180, '2019-11-05 15:40:10'),
	(28181, '2019-11-05 15:40:45'),
	(28182, '2019-11-05 15:41:00'),
	(28183, '2019-11-05 15:42:22'),
	(28184, '2019-11-05 15:43:24'),
	(28185, '2019-11-05 15:44:58'),
	(28186, '2019-11-05 15:45:51'),
	(28187, '2019-11-05 16:29:33'),
	(28188, '2019-11-05 16:37:41'),
	(28189, '2019-11-05 16:44:14'),
	(28190, '2019-11-06 07:58:20'),
	(28191, '2019-11-06 07:59:23'),
	(28192, '2019-11-06 08:00:04'),
	(28193, '2019-11-06 08:00:41'),
	(28194, '2019-11-06 08:00:57'),
	(28195, '2019-11-06 08:01:16'),
	(28196, '2019-11-06 08:01:34'),
	(28197, '2019-11-06 08:02:11'),
	(28198, '2019-11-06 08:02:54'),
	(28199, '2019-11-06 08:06:51'),
	(28200, '2019-11-06 11:58:47'),
	(28201, '2019-11-06 12:02:25'),
	(28202, '2019-11-06 13:52:37'),
	(28203, '2019-11-06 16:23:54'),
	(28204, '2019-11-06 16:29:29'),
	(28205, '2019-11-06 21:34:09'),
	(28206, '2019-11-07 07:32:00'),
	(28207, '2019-11-07 07:32:38'),
	(28208, '2019-11-07 08:51:07'),
	(28209, '2019-11-07 09:01:28'),
	(28210, '2019-11-07 09:01:48'),
	(28211, '2019-11-07 09:02:33'),
	(28212, '2019-11-07 09:02:40'),
	(28213, '2019-11-07 09:15:28'),
	(28214, '2019-11-07 09:15:38'),
	(28215, '2019-11-07 09:16:02'),
	(28216, '2019-11-07 09:32:19'),
	(28217, '2019-11-07 09:32:50'),
	(28218, '2019-11-07 09:37:14'),
	(28219, '2019-11-07 09:39:46'),
	(28220, '2019-11-07 09:42:16'),
	(28221, '2019-11-07 09:47:38'),
	(28222, '2019-11-07 09:52:46'),
	(28223, '2019-11-07 09:53:43'),
	(28224, '2019-11-07 09:54:02'),
	(28225, '2019-11-07 09:54:22'),
	(28226, '2019-11-07 09:55:54'),
	(28227, '2019-11-07 09:56:42'),
	(28228, '2019-11-07 09:56:56'),
	(28229, '2019-11-07 10:13:13'),
	(28230, '2019-11-07 11:27:03'),
	(28231, '2019-11-07 13:22:06'),
	(28232, '2019-11-07 14:01:59'),
	(28233, '2019-11-07 18:56:32'),
	(28234, '2019-11-08 03:56:35'),
	(28235, '2019-11-08 09:03:01'),
	(28236, '2019-11-08 09:34:15'),
	(28237, '2019-11-08 10:12:21'),
	(28238, '2019-11-08 11:57:38'),
	(28239, '2019-11-08 13:30:28'),
	(28240, '2019-11-08 13:32:22'),
	(28241, '2019-11-08 13:32:42'),
	(28242, '2019-11-08 13:33:41'),
	(28243, '2019-11-08 13:40:16'),
	(28244, '2019-11-08 13:40:25'),
	(28245, '2019-11-08 13:43:04'),
	(28246, '2019-11-08 13:43:19'),
	(28247, '2019-11-08 14:10:19'),
	(28248, '2019-11-08 14:10:30'),
	(28249, '2019-11-08 14:10:42'),
	(28250, '2019-11-08 14:13:51'),
	(28251, '2019-11-08 14:14:03'),
	(28252, '2019-11-08 14:16:50'),
	(28253, '2019-11-08 14:17:00'),
	(28254, '2019-11-08 14:18:21'),
	(28255, '2019-11-08 14:20:58'),
	(28256, '2019-11-08 14:29:54'),
	(28257, '2019-11-08 14:30:51'),
	(28258, '2019-11-08 14:31:37'),
	(28259, '2019-11-08 14:33:38'),
	(28260, '2019-11-08 14:37:23'),
	(28261, '2019-11-08 14:37:54'),
	(28262, '2019-11-08 14:39:33'),
	(28263, '2019-11-08 14:42:21'),
	(28264, '2019-11-08 14:42:54'),
	(28265, '2019-11-08 14:45:02'),
	(28266, '2019-11-08 14:45:46'),
	(28267, '2019-11-08 14:46:50'),
	(28268, '2019-11-08 14:49:47'),
	(28269, '2019-11-08 17:05:33'),
	(28270, '2019-11-08 17:07:43'),
	(28271, '2019-11-08 17:07:45'),
	(28272, '2019-11-08 17:09:21'),
	(28273, '2019-11-08 17:09:52'),
	(28274, '2019-11-08 17:09:52'),
	(28275, '2019-11-08 17:09:55'),
	(28276, '2019-11-08 17:09:55'),
	(28277, '2019-11-08 18:10:41'),
	(28278, '2019-11-08 18:10:44'),
	(28279, '2019-11-08 18:10:47'),
	(28280, '2019-11-08 18:11:21'),
	(28281, '2019-11-08 18:11:26'),
	(28282, '2019-11-08 18:11:32'),
	(28283, '2019-11-09 07:42:35'),
	(28284, '2019-11-09 10:38:32'),
	(28285, '2019-11-09 16:28:22'),
	(28286, '2019-11-09 16:29:06'),
	(28287, '2019-11-09 21:34:10'),
	(28288, '2019-11-09 23:53:45'),
	(28289, '2019-11-10 07:36:08'),
	(28290, '2019-11-10 07:38:35'),
	(28291, '2019-11-10 07:43:44'),
	(28292, '2019-11-10 07:43:55'),
	(28293, '2019-11-11 03:57:07'),
	(28294, '2019-11-11 09:17:27'),
	(28295, '2019-11-11 09:17:43'),
	(28296, '2019-11-11 09:17:43'),
	(28297, '2019-11-11 09:17:45'),
	(28298, '2019-11-11 09:17:45'),
	(28299, '2019-11-11 09:18:07'),
	(28300, '2019-11-11 09:18:08'),
	(28301, '2019-11-11 09:18:10'),
	(28302, '2019-11-11 09:18:10'),
	(28303, '2019-11-11 09:18:24'),
	(28304, '2019-11-11 09:18:25'),
	(28305, '2019-11-11 09:18:27'),
	(28306, '2019-11-11 09:19:09'),
	(28307, '2019-11-11 09:19:11'),
	(28308, '2019-11-11 09:21:15'),
	(28309, '2019-11-11 09:21:15'),
	(28310, '2019-11-11 09:21:18'),
	(28311, '2019-11-11 09:21:18'),
	(28312, '2019-11-11 09:21:42'),
	(28313, '2019-11-11 09:21:43'),
	(28314, '2019-11-11 09:21:58'),
	(28315, '2019-11-11 09:28:28'),
	(28316, '2019-11-11 09:28:44'),
	(28317, '2019-11-11 09:32:19'),
	(28318, '2019-11-11 09:38:45'),
	(28319, '2019-11-11 09:38:51'),
	(28320, '2019-11-11 09:39:18'),
	(28321, '2019-11-11 09:39:29'),
	(28322, '2019-11-11 09:39:39'),
	(28323, '2019-11-11 09:40:06'),
	(28324, '2019-11-11 09:40:42'),
	(28325, '2019-11-11 09:42:11'),
	(28326, '2019-11-11 09:49:20'),
	(28327, '2019-11-11 10:08:26'),
	(28328, '2019-11-11 10:08:59'),
	(28329, '2019-11-11 10:10:29'),
	(28330, '2019-11-11 10:10:59'),
	(28331, '2019-11-11 10:15:00'),
	(28332, '2019-11-11 10:15:55'),
	(28333, '2019-11-11 10:17:34'),
	(28334, '2019-11-11 10:17:57'),
	(28335, '2019-11-11 10:18:01'),
	(28336, '2019-11-11 10:18:06'),
	(28337, '2019-11-11 10:18:22'),
	(28338, '2019-11-11 10:18:26'),
	(28339, '2019-11-11 10:18:31'),
	(28340, '2019-11-11 10:18:49'),
	(28341, '2019-11-11 10:18:51'),
	(28342, '2019-11-11 10:18:53'),
	(28343, '2019-11-11 10:18:54'),
	(28344, '2019-11-11 10:19:13'),
	(28345, '2019-11-11 10:19:13'),
	(28346, '2019-11-11 10:19:16'),
	(28347, '2019-11-11 10:19:16'),
	(28348, '2019-11-11 10:19:24'),
	(28349, '2019-11-11 10:19:28'),
	(28350, '2019-11-11 10:19:30'),
	(28351, '2019-11-11 10:19:31'),
	(28352, '2019-11-11 10:19:55'),
	(28353, '2019-11-11 10:19:59'),
	(28354, '2019-11-11 10:20:03'),
	(28355, '2019-11-11 10:20:04'),
	(28356, '2019-11-11 10:20:04'),
	(28357, '2019-11-11 10:20:06'),
	(28358, '2019-11-11 10:20:08'),
	(28359, '2019-11-11 10:20:41'),
	(28360, '2019-11-11 10:20:44'),
	(28361, '2019-11-11 10:21:32'),
	(28362, '2019-11-11 10:21:47'),
	(28363, '2019-11-11 10:21:52'),
	(28364, '2019-11-11 10:21:57'),
	(28365, '2019-11-11 10:22:09'),
	(28366, '2019-11-11 10:22:12'),
	(28367, '2019-11-11 10:22:14'),
	(28368, '2019-11-11 10:22:18'),
	(28369, '2019-11-11 10:22:23'),
	(28370, '2019-11-11 10:22:26'),
	(28371, '2019-11-11 10:22:29'),
	(28372, '2019-11-11 10:25:32'),
	(28373, '2019-11-11 10:25:58'),
	(28374, '2019-11-11 10:30:00'),
	(28375, '2019-11-11 10:40:19'),
	(28376, '2019-11-11 10:49:42'),
	(28377, '2019-11-11 11:21:02'),
	(28378, '2019-11-11 11:26:48'),
	(28379, '2019-11-11 11:33:18'),
	(28380, '2019-11-11 11:33:52'),
	(28381, '2019-11-11 11:38:29'),
	(28382, '2019-11-11 11:46:54'),
	(28383, '2019-11-11 17:25:51'),
	(28384, '2019-11-11 17:27:11'),
	(28385, '2019-11-12 09:07:32'),
	(28386, '2019-11-12 09:18:51'),
	(28387, '2019-11-12 09:23:13'),
	(28388, '2019-11-12 10:16:39'),
	(28389, '2019-11-12 10:34:02'),
	(28390, '2019-11-12 10:34:09'),
	(28391, '2019-11-12 11:46:27'),
	(28392, '2019-11-12 11:46:27'),
	(28393, '2019-11-12 11:46:30'),
	(28394, '2019-11-12 11:46:30'),
	(28395, '2019-11-12 11:49:54'),
	(28396, '2019-11-12 12:47:45'),
	(28397, '2019-11-12 12:47:49'),
	(28398, '2019-11-12 12:47:53'),
	(28399, '2019-11-12 13:16:38'),
	(28400, '2019-11-12 13:24:21'),
	(28401, '2019-11-12 13:27:57'),
	(28402, '2019-11-12 13:28:17'),
	(28403, '2019-11-12 13:28:31'),
	(28404, '2019-11-12 13:28:57'),
	(28405, '2019-11-12 13:29:16'),
	(28406, '2019-11-12 13:29:50'),
	(28407, '2019-11-12 13:37:13'),
	(28408, '2019-11-12 13:43:05'),
	(28409, '2019-11-12 13:43:16'),
	(28410, '2019-11-12 13:43:35'),
	(28411, '2019-11-12 13:44:35'),
	(28412, '2019-11-12 13:49:55'),
	(28413, '2019-11-12 13:50:12'),
	(28414, '2019-11-12 13:50:23'),
	(28415, '2019-11-12 13:50:39'),
	(28416, '2019-11-12 13:50:52'),
	(28417, '2019-11-12 13:51:20'),
	(28418, '2019-11-12 13:51:24'),
	(28419, '2019-11-12 13:51:31'),
	(28420, '2019-11-12 13:51:52'),
	(28421, '2019-11-12 13:53:58'),
	(28422, '2019-11-12 13:53:59'),
	(28423, '2019-11-12 13:53:59'),
	(28424, '2019-11-12 13:53:59'),
	(28425, '2019-11-12 14:01:49'),
	(28426, '2019-11-12 14:10:16'),
	(28427, '2019-11-12 14:10:47'),
	(28428, '2019-11-12 14:28:38'),
	(28429, '2019-11-12 14:28:41'),
	(28430, '2019-11-12 14:28:41'),
	(28431, '2019-11-12 14:48:08'),
	(28432, '2019-11-12 14:53:28'),
	(28433, '2019-11-12 14:53:29'),
	(28434, '2019-11-12 14:53:31'),
	(28435, '2019-11-12 14:53:32'),
	(28436, '2019-11-12 14:53:33'),
	(28437, '2019-11-12 15:10:46'),
	(28438, '2019-11-12 15:10:48'),
	(28439, '2019-11-12 15:18:14'),
	(28440, '2019-11-12 15:19:41'),
	(28441, '2019-11-12 15:20:20'),
	(28442, '2019-11-12 15:22:35'),
	(28443, '2019-11-12 15:23:11'),
	(28444, '2019-11-12 15:26:57'),
	(28445, '2019-11-12 15:28:46'),
	(28446, '2019-11-12 15:29:20'),
	(28447, '2019-11-12 15:29:36'),
	(28448, '2019-11-12 15:43:47'),
	(28449, '2019-11-12 15:56:19'),
	(28450, '2019-11-12 17:00:14'),
	(28451, '2019-11-12 17:08:00'),
	(28452, '2019-11-12 17:08:32'),
	(28453, '2019-11-12 17:22:57'),
	(28454, '2019-11-12 17:26:54'),
	(28455, '2019-11-12 17:27:00'),
	(28456, '2019-11-12 21:34:37'),
	(28457, '2019-11-12 22:04:29'),
	(28458, '2019-11-13 09:11:06'),
	(28459, '2019-11-13 09:46:16'),
	(28460, '2019-11-13 09:50:50'),
	(28461, '2019-11-13 10:03:11'),
	(28462, '2019-11-13 10:07:19'),
	(28463, '2019-11-13 10:11:50'),
	(28464, '2019-11-13 10:15:50'),
	(28465, '2019-11-13 10:48:46'),
	(28466, '2019-11-13 11:52:25'),
	(28467, '2019-11-13 13:48:50'),
	(28468, '2019-11-13 13:49:23'),
	(28469, '2019-11-13 13:49:48'),
	(28470, '2019-11-13 13:50:59'),
	(28471, '2019-11-13 13:58:47'),
	(28472, '2019-11-13 14:04:46'),
	(28473, '2019-11-13 14:05:47'),
	(28474, '2019-11-13 14:05:58'),
	(28475, '2019-11-13 14:06:03'),
	(28476, '2019-11-13 14:06:07'),
	(28477, '2019-11-13 14:06:13'),
	(28478, '2019-11-13 14:06:17'),
	(28479, '2019-11-13 14:06:23'),
	(28480, '2019-11-13 14:06:28'),
	(28481, '2019-11-13 14:06:43'),
	(28482, '2019-11-13 14:06:46'),
	(28483, '2019-11-13 14:07:03'),
	(28484, '2019-11-13 14:07:09'),
	(28485, '2019-11-13 14:10:14'),
	(28486, '2019-11-13 14:10:24'),
	(28487, '2019-11-13 14:10:54'),
	(28488, '2019-11-13 14:11:07'),
	(28489, '2019-11-13 14:11:29'),
	(28490, '2019-11-13 14:11:35'),
	(28491, '2019-11-13 14:11:43'),
	(28492, '2019-11-13 14:12:03'),
	(28493, '2019-11-13 14:12:27'),
	(28494, '2019-11-13 14:13:17'),
	(28495, '2019-11-13 14:13:23'),
	(28496, '2019-11-13 14:13:47'),
	(28497, '2019-11-13 14:13:51'),
	(28498, '2019-11-13 14:13:56'),
	(28499, '2019-11-13 14:33:59'),
	(28500, '2019-11-13 14:38:19'),
	(28501, '2019-11-13 14:38:31'),
	(28502, '2019-11-13 14:38:55'),
	(28503, '2019-11-13 14:39:46'),
	(28504, '2019-11-13 14:39:48'),
	(28505, '2019-11-13 14:39:49'),
	(28506, '2019-11-13 14:39:49'),
	(28507, '2019-11-13 14:39:49'),
	(28508, '2019-11-13 14:39:49'),
	(28509, '2019-11-13 14:40:23'),
	(28510, '2019-11-13 14:44:15'),
	(28511, '2019-11-13 14:44:44'),
	(28512, '2019-11-13 14:44:46'),
	(28513, '2019-11-13 14:44:46'),
	(28514, '2019-11-13 14:44:46'),
	(28515, '2019-11-13 14:45:38'),
	(28516, '2019-11-13 14:46:16'),
	(28517, '2019-11-13 14:47:03'),
	(28518, '2019-11-13 14:47:13'),
	(28519, '2019-11-13 14:47:14'),
	(28520, '2019-11-13 14:47:14'),
	(28521, '2019-11-13 14:47:14'),
	(28522, '2019-11-13 14:47:14'),
	(28523, '2019-11-13 14:47:24'),
	(28524, '2019-11-13 14:47:46'),
	(28525, '2019-11-13 14:48:28'),
	(28526, '2019-11-13 14:48:59'),
	(28527, '2019-11-13 14:49:26'),
	(28528, '2019-11-13 14:49:34'),
	(28529, '2019-11-13 14:50:09'),
	(28530, '2019-11-13 14:51:29'),
	(28531, '2019-11-13 14:52:15'),
	(28532, '2019-11-13 15:22:35'),
	(28533, '2019-11-13 15:23:00'),
	(28534, '2019-11-13 15:23:10'),
	(28535, '2019-11-13 15:23:55'),
	(28536, '2019-11-13 15:24:02'),
	(28537, '2019-11-13 15:26:35'),
	(28538, '2019-11-13 15:27:23'),
	(28539, '2019-11-13 15:27:32'),
	(28540, '2019-11-13 15:27:56'),
	(28541, '2019-11-13 15:29:06'),
	(28542, '2019-11-13 15:30:13'),
	(28543, '2019-11-13 15:31:55'),
	(28544, '2019-11-13 15:32:10'),
	(28545, '2019-11-13 15:32:42'),
	(28546, '2019-11-13 15:33:35'),
	(28547, '2019-11-13 15:33:53'),
	(28548, '2019-11-13 15:34:02'),
	(28549, '2019-11-13 15:34:31'),
	(28550, '2019-11-13 15:34:47'),
	(28551, '2019-11-13 15:34:48'),
	(28552, '2019-11-13 15:34:48'),
	(28553, '2019-11-13 15:34:48'),
	(28554, '2019-11-13 15:35:10'),
	(28555, '2019-11-13 15:48:32'),
	(28556, '2019-11-13 15:48:48'),
	(28557, '2019-11-13 15:49:00'),
	(28558, '2019-11-13 15:51:41'),
	(28559, '2019-11-13 15:52:02'),
	(28560, '2019-11-13 15:52:46'),
	(28561, '2019-11-13 15:53:31'),
	(28562, '2019-11-13 15:53:49'),
	(28563, '2019-11-13 15:54:38'),
	(28564, '2019-11-13 15:55:01'),
	(28565, '2019-11-13 15:55:18'),
	(28566, '2019-11-13 15:55:33'),
	(28567, '2019-11-13 15:55:41'),
	(28568, '2019-11-13 15:55:42'),
	(28569, '2019-11-13 15:56:01'),
	(28570, '2019-11-13 15:56:30'),
	(28571, '2019-11-13 15:56:31'),
	(28572, '2019-11-13 15:56:32'),
	(28573, '2019-11-13 15:56:52'),
	(28574, '2019-11-13 15:56:57'),
	(28575, '2019-11-13 15:57:02'),
	(28576, '2019-11-13 15:59:57'),
	(28577, '2019-11-13 16:03:42'),
	(28578, '2019-11-13 16:04:05'),
	(28579, '2019-11-13 16:05:36'),
	(28580, '2019-11-13 16:05:38'),
	(28581, '2019-11-13 16:05:38'),
	(28582, '2019-11-13 16:05:38'),
	(28583, '2019-11-13 16:05:38'),
	(28584, '2019-11-13 16:05:39'),
	(28585, '2019-11-13 16:05:39'),
	(28586, '2019-11-13 16:05:40'),
	(28587, '2019-11-13 16:06:28'),
	(28588, '2019-11-13 16:07:27'),
	(28589, '2019-11-13 16:07:34'),
	(28590, '2019-11-13 16:08:09'),
	(28591, '2019-11-13 16:12:29'),
	(28592, '2019-11-13 16:12:53'),
	(28593, '2019-11-13 16:14:32'),
	(28594, '2019-11-13 16:15:46'),
	(28595, '2019-11-13 16:16:18'),
	(28596, '2019-11-13 16:17:47'),
	(28597, '2019-11-13 16:17:53'),
	(28598, '2019-11-13 16:19:09'),
	(28599, '2019-11-13 16:19:15'),
	(28600, '2019-11-13 16:19:19'),
	(28601, '2019-11-13 16:19:22'),
	(28602, '2019-11-13 16:21:28'),
	(28603, '2019-11-13 16:21:48'),
	(28604, '2019-11-13 16:22:02'),
	(28605, '2019-11-13 16:24:10'),
	(28606, '2019-11-13 16:25:28'),
	(28607, '2019-11-13 16:26:51'),
	(28608, '2019-11-13 16:27:22'),
	(28609, '2019-11-13 16:29:56'),
	(28610, '2019-11-13 16:29:58'),
	(28611, '2019-11-13 16:30:12'),
	(28612, '2019-11-13 16:36:39'),
	(28613, '2019-11-13 16:45:43'),
	(28614, '2019-11-13 16:46:11'),
	(28615, '2019-11-13 16:46:14'),
	(28616, '2019-11-13 16:46:15'),
	(28617, '2019-11-13 16:46:17'),
	(28618, '2019-11-13 16:47:57'),
	(28619, '2019-11-13 16:48:05'),
	(28620, '2019-11-13 16:48:08'),
	(28621, '2019-11-13 16:50:55'),
	(28622, '2019-11-13 16:51:01'),
	(28623, '2019-11-13 17:01:51'),
	(28624, '2019-11-13 17:03:13'),
	(28625, '2019-11-13 17:04:27'),
	(28626, '2019-11-13 17:05:06'),
	(28627, '2019-11-13 17:09:06'),
	(28628, '2019-11-13 17:16:42'),
	(28629, '2019-11-13 17:31:06'),
	(28630, '2019-11-13 21:27:55'),
	(28631, '2019-11-13 22:56:49'),
	(28632, '2019-11-14 09:23:50'),
	(28633, '2019-11-14 09:24:05'),
	(28634, '2019-11-14 09:49:55'),
	(28635, '2019-11-14 10:12:27'),
	(28636, '2019-11-14 10:15:02'),
	(28637, '2019-11-14 10:19:54'),
	(28638, '2019-11-14 10:22:46'),
	(28639, '2019-11-14 10:28:33'),
	(28640, '2019-11-14 10:47:14'),
	(28641, '2019-11-14 10:49:35'),
	(28642, '2019-11-14 10:49:38'),
	(28643, '2019-11-14 10:49:38'),
	(28644, '2019-11-14 10:49:38'),
	(28645, '2019-11-14 10:49:39'),
	(28646, '2019-11-14 10:49:39'),
	(28647, '2019-11-14 10:49:52'),
	(28648, '2019-11-14 10:50:51'),
	(28649, '2019-11-14 10:50:55'),
	(28650, '2019-11-14 10:53:35'),
	(28651, '2019-11-14 10:53:37'),
	(28652, '2019-11-14 10:53:38'),
	(28653, '2019-11-14 10:53:39'),
	(28654, '2019-11-14 10:54:08'),
	(28655, '2019-11-14 10:54:10'),
	(28656, '2019-11-14 10:54:10'),
	(28657, '2019-11-14 10:54:10'),
	(28658, '2019-11-14 10:54:10'),
	(28659, '2019-11-14 10:54:10'),
	(28660, '2019-11-14 10:54:11'),
	(28661, '2019-11-14 10:54:11'),
	(28662, '2019-11-14 10:54:13'),
	(28663, '2019-11-14 10:57:03'),
	(28664, '2019-11-14 10:57:04'),
	(28665, '2019-11-14 10:57:05'),
	(28666, '2019-11-14 10:57:05'),
	(28667, '2019-11-14 10:57:06'),
	(28668, '2019-11-14 10:57:06'),
	(28669, '2019-11-14 10:57:06'),
	(28670, '2019-11-14 10:57:43'),
	(28671, '2019-11-14 10:57:53'),
	(28672, '2019-11-14 10:57:59'),
	(28673, '2019-11-14 11:09:07'),
	(28674, '2019-11-14 11:13:03'),
	(28675, '2019-11-14 11:13:27'),
	(28676, '2019-11-14 11:28:47'),
	(28677, '2019-11-14 11:35:09'),
	(28678, '2019-11-14 11:35:17'),
	(28679, '2019-11-14 11:35:34'),
	(28680, '2019-11-14 11:35:35'),
	(28681, '2019-11-14 11:35:36'),
	(28682, '2019-11-14 11:35:36'),
	(28683, '2019-11-14 11:38:13'),
	(28684, '2019-11-14 11:38:14'),
	(28685, '2019-11-14 11:38:16'),
	(28686, '2019-11-14 11:38:46'),
	(28687, '2019-11-14 11:38:56'),
	(28688, '2019-11-14 11:38:56'),
	(28689, '2019-11-14 11:38:57'),
	(28690, '2019-11-14 11:38:57'),
	(28691, '2019-11-14 11:38:57'),
	(28692, '2019-11-14 11:38:57'),
	(28693, '2019-11-14 11:40:57'),
	(28694, '2019-11-14 11:40:58'),
	(28695, '2019-11-14 11:40:58'),
	(28696, '2019-11-14 11:40:59'),
	(28697, '2019-11-14 11:40:59'),
	(28698, '2019-11-14 11:40:59'),
	(28699, '2019-11-14 11:40:59'),
	(28700, '2019-11-14 11:40:59'),
	(28701, '2019-11-14 11:40:59'),
	(28702, '2019-11-14 11:40:59'),
	(28703, '2019-11-14 11:41:00'),
	(28704, '2019-11-14 11:41:00'),
	(28705, '2019-11-14 11:41:00'),
	(28706, '2019-11-14 11:41:00'),
	(28707, '2019-11-14 11:41:02'),
	(28708, '2019-11-14 11:41:02'),
	(28709, '2019-11-14 11:41:02'),
	(28710, '2019-11-14 11:41:02'),
	(28711, '2019-11-14 11:41:02'),
	(28712, '2019-11-14 11:41:02'),
	(28713, '2019-11-14 11:41:03'),
	(28714, '2019-11-14 11:41:03'),
	(28715, '2019-11-14 11:42:23'),
	(28716, '2019-11-14 11:42:32'),
	(28717, '2019-11-14 13:47:14'),
	(28718, '2019-11-14 13:47:15'),
	(28719, '2019-11-14 13:47:16'),
	(28720, '2019-11-14 13:47:18'),
	(28721, '2019-11-14 13:47:47'),
	(28722, '2019-11-14 13:47:48'),
	(28723, '2019-11-14 13:47:48'),
	(28724, '2019-11-14 13:47:48'),
	(28725, '2019-11-14 13:47:48'),
	(28726, '2019-11-14 13:50:02'),
	(28727, '2019-11-14 13:50:04'),
	(28728, '2019-11-14 13:51:53'),
	(28729, '2019-11-14 13:51:54'),
	(28730, '2019-11-14 13:51:54'),
	(28731, '2019-11-14 13:53:31'),
	(28732, '2019-11-14 13:53:40'),
	(28733, '2019-11-14 13:53:41'),
	(28734, '2019-11-14 13:53:41'),
	(28735, '2019-11-14 13:53:41'),
	(28736, '2019-11-14 13:53:49'),
	(28737, '2019-11-14 13:54:10'),
	(28738, '2019-11-14 13:54:12'),
	(28739, '2019-11-14 13:54:14'),
	(28740, '2019-11-14 13:54:23'),
	(28741, '2019-11-14 13:55:07'),
	(28742, '2019-11-14 13:57:34'),
	(28743, '2019-11-14 14:06:44'),
	(28744, '2019-11-14 14:07:02'),
	(28745, '2019-11-14 14:07:04'),
	(28746, '2019-11-14 14:07:59'),
	(28747, '2019-11-14 14:22:36'),
	(28748, '2019-11-14 14:23:01'),
	(28749, '2019-11-14 14:26:24'),
	(28750, '2019-11-14 14:26:26'),
	(28751, '2019-11-14 14:28:04'),
	(28752, '2019-11-14 14:28:16'),
	(28753, '2019-11-14 14:28:42'),
	(28754, '2019-11-14 14:29:09'),
	(28755, '2019-11-14 14:29:32'),
	(28756, '2019-11-14 14:29:37'),
	(28757, '2019-11-14 15:18:27'),
	(28758, '2019-11-14 15:19:42'),
	(28759, '2019-11-14 15:20:01'),
	(28760, '2019-11-14 15:43:26'),
	(28761, '2019-11-14 15:43:29'),
	(28762, '2019-11-14 15:43:30'),
	(28763, '2019-11-14 15:43:31'),
	(28764, '2019-11-14 15:43:32'),
	(28765, '2019-11-14 15:43:33'),
	(28766, '2019-11-14 15:43:49'),
	(28767, '2019-11-14 15:45:08'),
	(28768, '2019-11-14 15:45:28'),
	(28769, '2019-11-14 15:45:30'),
	(28770, '2019-11-14 15:45:30'),
	(28771, '2019-11-14 15:45:30'),
	(28772, '2019-11-14 15:45:30'),
	(28773, '2019-11-14 15:48:06'),
	(28774, '2019-11-14 15:48:57'),
	(28775, '2019-11-14 15:52:17'),
	(28776, '2019-11-14 15:52:31'),
	(28777, '2019-11-14 15:53:12'),
	(28778, '2019-11-14 15:53:29'),
	(28779, '2019-11-14 15:54:00'),
	(28780, '2019-11-14 15:54:14'),
	(28781, '2019-11-14 15:54:31'),
	(28782, '2019-11-14 15:55:03'),
	(28783, '2019-11-14 15:55:10'),
	(28784, '2019-11-14 16:32:15'),
	(28785, '2019-11-14 16:32:40'),
	(28786, '2019-11-14 16:33:52'),
	(28787, '2019-11-14 16:40:09'),
	(28788, '2019-11-14 16:41:20'),
	(28789, '2019-11-14 16:41:32'),
	(28790, '2019-11-14 16:42:15'),
	(28791, '2019-11-14 16:42:28'),
	(28792, '2019-11-14 16:42:57'),
	(28793, '2019-11-14 16:43:39'),
	(28794, '2019-11-14 16:44:04'),
	(28795, '2019-11-14 16:44:13'),
	(28796, '2019-11-14 16:44:29'),
	(28797, '2019-11-14 16:44:39'),
	(28798, '2019-11-14 16:44:46'),
	(28799, '2019-11-14 16:44:53'),
	(28800, '2019-11-14 16:46:09'),
	(28801, '2019-11-14 16:46:29'),
	(28802, '2019-11-14 16:46:41'),
	(28803, '2019-11-14 16:46:48'),
	(28804, '2019-11-14 16:47:00'),
	(28805, '2019-11-14 16:47:15'),
	(28806, '2019-11-14 16:47:30'),
	(28807, '2019-11-14 16:47:39'),
	(28808, '2019-11-14 16:48:05'),
	(28809, '2019-11-14 16:48:44'),
	(28810, '2019-11-14 16:48:55'),
	(28811, '2019-11-14 16:49:13'),
	(28812, '2019-11-14 16:49:17'),
	(28813, '2019-11-14 16:49:42'),
	(28814, '2019-11-14 16:50:02'),
	(28815, '2019-11-14 16:55:40'),
	(28816, '2019-11-14 16:56:12'),
	(28817, '2019-11-14 17:16:53'),
	(28818, '2019-11-14 17:17:38'),
	(28819, '2019-11-14 17:18:09'),
	(28820, '2019-11-14 17:18:18'),
	(28821, '2019-11-14 17:18:26'),
	(28822, '2019-11-14 17:18:39'),
	(28823, '2019-11-14 17:18:54'),
	(28824, '2019-11-14 17:19:02'),
	(28825, '2019-11-14 17:19:08'),
	(28826, '2019-11-14 17:19:18'),
	(28827, '2019-11-14 17:19:22'),
	(28828, '2019-11-14 17:19:33'),
	(28829, '2019-11-14 17:19:36'),
	(28830, '2019-11-14 17:19:46'),
	(28831, '2019-11-14 17:19:54'),
	(28832, '2019-11-14 17:20:18'),
	(28833, '2019-11-14 17:20:23'),
	(28834, '2019-11-14 17:20:44'),
	(28835, '2019-11-14 17:20:45'),
	(28836, '2019-11-14 17:20:45'),
	(28837, '2019-11-14 17:20:45'),
	(28838, '2019-11-14 17:20:45'),
	(28839, '2019-11-14 17:20:54'),
	(28840, '2019-11-14 17:21:25'),
	(28841, '2019-11-14 17:21:55'),
	(28842, '2019-11-15 20:26:39'),
	(28843, '2019-11-16 05:39:38'),
	(28844, '2019-11-16 05:46:59'),
	(28845, '2019-11-16 06:38:07'),
	(28846, '2019-11-16 15:56:56'),
	(28847, '2019-11-16 17:29:44'),
	(28848, '2019-11-16 23:50:38'),
	(28849, '2019-11-16 23:50:42'),
	(28850, '2019-11-17 02:18:33'),
	(28851, '2019-11-17 09:13:59'),
	(28852, '2019-11-17 09:16:55'),
	(28853, '2019-11-18 08:41:23'),
	(28854, '2019-11-18 08:49:15'),
	(28855, '2019-11-18 08:49:32'),
	(28856, '2019-11-18 08:50:51'),
	(28857, '2019-11-18 08:50:57'),
	(28858, '2019-11-18 08:51:01'),
	(28859, '2019-11-18 08:51:06'),
	(28860, '2019-11-18 09:09:06'),
	(28861, '2019-11-18 09:09:10'),
	(28862, '2019-11-18 09:10:07'),
	(28863, '2019-11-18 09:11:29'),
	(28864, '2019-11-18 09:11:45'),
	(28865, '2019-11-18 09:13:04'),
	(28866, '2019-11-18 09:13:07'),
	(28867, '2019-11-18 09:13:26'),
	(28868, '2019-11-18 09:17:36'),
	(28869, '2019-11-18 09:18:00'),
	(28870, '2019-11-18 09:18:39'),
	(28871, '2019-11-18 09:24:36'),
	(28872, '2019-11-18 09:25:04'),
	(28873, '2019-11-18 09:25:18'),
	(28874, '2019-11-18 09:25:27'),
	(28875, '2019-11-18 09:25:59'),
	(28876, '2019-11-18 09:26:47'),
	(28877, '2019-11-18 09:27:29'),
	(28878, '2019-11-18 09:27:30'),
	(28879, '2019-11-18 09:27:30'),
	(28880, '2019-11-18 09:27:30'),
	(28881, '2019-11-18 09:28:32'),
	(28882, '2019-11-18 09:28:47'),
	(28883, '2019-11-18 09:29:13'),
	(28884, '2019-11-18 09:29:22'),
	(28885, '2019-11-18 09:30:35'),
	(28886, '2019-11-18 09:31:01'),
	(28887, '2019-11-18 09:31:04'),
	(28888, '2019-11-18 09:32:20'),
	(28889, '2019-11-18 09:32:27'),
	(28890, '2019-11-18 09:33:02'),
	(28891, '2019-11-18 09:33:03'),
	(28892, '2019-11-18 09:33:05'),
	(28893, '2019-11-18 09:33:06'),
	(28894, '2019-11-18 09:33:07'),
	(28895, '2019-11-18 09:33:07'),
	(28896, '2019-11-18 09:33:08'),
	(28897, '2019-11-18 09:33:20'),
	(28898, '2019-11-18 09:33:23'),
	(28899, '2019-11-18 09:33:24'),
	(28900, '2019-11-18 09:33:34'),
	(28901, '2019-11-18 09:33:34'),
	(28902, '2019-11-18 09:33:35'),
	(28903, '2019-11-18 09:33:37'),
	(28904, '2019-11-18 09:33:38'),
	(28905, '2019-11-18 09:35:50'),
	(28906, '2019-11-18 09:37:22'),
	(28907, '2019-11-18 09:37:28'),
	(28908, '2019-11-18 09:48:49'),
	(28909, '2019-11-18 09:49:00'),
	(28910, '2019-11-18 09:49:07'),
	(28911, '2019-11-18 09:49:23'),
	(28912, '2019-11-18 09:49:36'),
	(28913, '2019-11-18 09:50:30'),
	(28914, '2019-11-18 09:50:41'),
	(28915, '2019-11-18 09:50:52'),
	(28916, '2019-11-18 09:50:57'),
	(28917, '2019-11-18 09:51:21'),
	(28918, '2019-11-18 09:51:42'),
	(28919, '2019-11-18 09:51:49'),
	(28920, '2019-11-18 09:52:21'),
	(28921, '2019-11-18 09:52:30'),
	(28922, '2019-11-18 09:52:36'),
	(28923, '2019-11-18 09:52:40'),
	(28924, '2019-11-18 09:55:07'),
	(28925, '2019-11-18 09:59:19'),
	(28926, '2019-11-18 09:59:32'),
	(28927, '2019-11-18 10:15:28'),
	(28928, '2019-11-18 10:19:00'),
	(28929, '2019-11-18 10:19:30'),
	(28930, '2019-11-18 10:22:18'),
	(28931, '2019-11-18 10:22:51'),
	(28932, '2019-11-18 10:26:47'),
	(28933, '2019-11-18 10:27:14'),
	(28934, '2019-11-18 10:28:07'),
	(28935, '2019-11-18 10:28:23'),
	(28936, '2019-11-18 10:28:43'),
	(28937, '2019-11-18 10:29:11'),
	(28938, '2019-11-18 10:29:12'),
	(28939, '2019-11-18 10:29:12'),
	(28940, '2019-11-18 10:29:12'),
	(28941, '2019-11-18 10:29:12'),
	(28942, '2019-11-18 10:29:12'),
	(28943, '2019-11-18 10:29:12'),
	(28944, '2019-11-18 10:29:13'),
	(28945, '2019-11-18 10:29:58'),
	(28946, '2019-11-18 10:29:59'),
	(28947, '2019-11-18 10:29:59'),
	(28948, '2019-11-18 10:29:59'),
	(28949, '2019-11-18 10:29:59'),
	(28950, '2019-11-18 10:30:00'),
	(28951, '2019-11-18 10:30:00'),
	(28952, '2019-11-18 10:30:44'),
	(28953, '2019-11-18 10:30:45'),
	(28954, '2019-11-18 10:30:45'),
	(28955, '2019-11-18 10:30:45'),
	(28956, '2019-11-18 10:30:45'),
	(28957, '2019-11-18 10:30:46'),
	(28958, '2019-11-18 10:31:02'),
	(28959, '2019-11-18 10:31:12'),
	(28960, '2019-11-18 10:31:39'),
	(28961, '2019-11-18 10:31:56'),
	(28962, '2019-11-18 10:32:43'),
	(28963, '2019-11-18 10:33:01'),
	(28964, '2019-11-18 10:34:47'),
	(28965, '2019-11-18 10:35:18'),
	(28966, '2019-11-18 10:35:51'),
	(28967, '2019-11-18 10:36:28'),
	(28968, '2019-11-18 10:37:43'),
	(28969, '2019-11-18 10:37:55'),
	(28970, '2019-11-18 10:38:09'),
	(28971, '2019-11-18 10:38:36'),
	(28972, '2019-11-18 10:38:47'),
	(28973, '2019-11-18 10:39:13'),
	(28974, '2019-11-18 10:39:22'),
	(28975, '2019-11-18 10:39:33'),
	(28976, '2019-11-18 10:39:39'),
	(28977, '2019-11-18 10:39:53'),
	(28978, '2019-11-18 10:40:32'),
	(28979, '2019-11-18 10:40:50'),
	(28980, '2019-11-18 10:40:58'),
	(28981, '2019-11-18 10:41:07'),
	(28982, '2019-11-18 10:41:18'),
	(28983, '2019-11-18 10:43:02'),
	(28984, '2019-11-18 10:43:59'),
	(28985, '2019-11-18 10:44:21'),
	(28986, '2019-11-18 10:45:18'),
	(28987, '2019-11-18 10:46:13'),
	(28988, '2019-11-18 10:50:09'),
	(28989, '2019-11-18 10:51:34'),
	(28990, '2019-11-18 10:54:02'),
	(28991, '2019-11-18 10:55:10'),
	(28992, '2019-11-18 10:56:41'),
	(28993, '2019-11-18 11:04:42'),
	(28994, '2019-11-18 11:04:59'),
	(28995, '2019-11-18 11:05:25'),
	(28996, '2019-11-18 11:06:55'),
	(28997, '2019-11-18 11:07:02'),
	(28998, '2019-11-18 11:07:23'),
	(28999, '2019-11-18 11:10:10'),
	(29000, '2019-11-18 11:11:56'),
	(29001, '2019-11-18 11:12:07'),
	(29002, '2019-11-18 11:12:08'),
	(29003, '2019-11-18 11:12:08'),
	(29004, '2019-11-18 11:12:09'),
	(29005, '2019-11-18 11:12:09'),
	(29006, '2019-11-18 11:13:37'),
	(29007, '2019-11-18 11:13:38'),
	(29008, '2019-11-18 11:13:38'),
	(29009, '2019-11-18 11:13:49'),
	(29010, '2019-11-18 11:14:35'),
	(29011, '2019-11-18 11:14:48'),
	(29012, '2019-11-18 11:14:49'),
	(29013, '2019-11-18 11:14:49'),
	(29014, '2019-11-18 11:14:57'),
	(29015, '2019-11-18 11:14:57'),
	(29016, '2019-11-18 11:14:58'),
	(29017, '2019-11-18 11:16:24'),
	(29018, '2019-11-18 11:16:25'),
	(29019, '2019-11-18 11:17:25'),
	(29020, '2019-11-18 11:19:26'),
	(29021, '2019-11-18 11:19:51'),
	(29022, '2019-11-18 11:20:43'),
	(29023, '2019-11-18 11:32:41'),
	(29024, '2019-11-18 11:33:18'),
	(29025, '2019-11-18 11:42:11'),
	(29026, '2019-11-18 13:28:48'),
	(29027, '2019-11-18 13:28:49'),
	(29028, '2019-11-18 13:28:49'),
	(29029, '2019-11-18 13:28:50'),
	(29030, '2019-11-18 13:28:50'),
	(29031, '2019-11-18 13:28:50'),
	(29032, '2019-11-18 13:28:50'),
	(29033, '2019-11-18 13:28:50'),
	(29034, '2019-11-18 13:28:51'),
	(29035, '2019-11-18 13:28:51'),
	(29036, '2019-11-18 13:32:06'),
	(29037, '2019-11-18 13:38:27'),
	(29038, '2019-11-18 13:39:04'),
	(29039, '2019-11-18 13:39:39'),
	(29040, '2019-11-18 13:39:49'),
	(29041, '2019-11-18 13:40:04'),
	(29042, '2019-11-18 13:40:38'),
	(29043, '2019-11-18 13:40:58'),
	(29044, '2019-11-18 13:44:53'),
	(29045, '2019-11-18 13:54:26'),
	(29046, '2019-11-18 13:55:42'),
	(29047, '2019-11-18 13:55:52'),
	(29048, '2019-11-18 13:59:21'),
	(29049, '2019-11-18 14:02:09'),
	(29050, '2019-11-18 14:04:29'),
	(29051, '2019-11-18 14:04:33'),
	(29052, '2019-11-18 14:05:11'),
	(29053, '2019-11-18 14:05:36'),
	(29054, '2019-11-18 14:06:08'),
	(29055, '2019-11-18 14:07:07'),
	(29056, '2019-11-18 14:07:45'),
	(29057, '2019-11-18 14:08:01'),
	(29058, '2019-11-18 14:08:13'),
	(29059, '2019-11-18 14:09:11'),
	(29060, '2019-11-18 14:09:16'),
	(29061, '2019-11-18 14:10:05'),
	(29062, '2019-11-18 14:10:06'),
	(29063, '2019-11-18 14:10:06'),
	(29064, '2019-11-18 14:10:06'),
	(29065, '2019-11-18 14:10:06'),
	(29066, '2019-11-18 14:10:51'),
	(29067, '2019-11-18 14:11:12'),
	(29068, '2019-11-18 14:14:06'),
	(29069, '2019-11-18 14:14:16'),
	(29070, '2019-11-18 14:14:22'),
	(29071, '2019-11-18 14:14:52'),
	(29072, '2019-11-18 14:14:53'),
	(29073, '2019-11-18 14:14:53'),
	(29074, '2019-11-18 14:14:53'),
	(29075, '2019-11-18 14:14:53'),
	(29076, '2019-11-18 14:14:54'),
	(29077, '2019-11-18 14:14:54'),
	(29078, '2019-11-18 14:14:54'),
	(29079, '2019-11-18 14:16:02'),
	(29080, '2019-11-18 14:16:26'),
	(29081, '2019-11-18 14:16:28'),
	(29082, '2019-11-18 14:16:30'),
	(29083, '2019-11-18 14:16:30'),
	(29084, '2019-11-18 14:16:30'),
	(29085, '2019-11-18 14:16:30'),
	(29086, '2019-11-18 14:16:30'),
	(29087, '2019-11-18 14:16:31'),
	(29088, '2019-11-18 14:16:41'),
	(29089, '2019-11-18 14:17:04'),
	(29090, '2019-11-18 14:18:35'),
	(29091, '2019-11-18 14:20:30'),
	(29092, '2019-11-18 14:20:31'),
	(29093, '2019-11-18 14:20:31'),
	(29094, '2019-11-18 14:20:32'),
	(29095, '2019-11-18 14:20:32'),
	(29096, '2019-11-18 14:20:34'),
	(29097, '2019-11-18 14:20:35'),
	(29098, '2019-11-18 14:20:36'),
	(29099, '2019-11-18 14:20:50'),
	(29100, '2019-11-18 14:20:51'),
	(29101, '2019-11-18 14:25:18'),
	(29102, '2019-11-18 14:26:06'),
	(29103, '2019-11-18 14:26:07'),
	(29104, '2019-11-18 14:26:08'),
	(29105, '2019-11-18 14:26:09'),
	(29106, '2019-11-18 14:26:09'),
	(29107, '2019-11-18 14:26:52'),
	(29108, '2019-11-18 14:27:07'),
	(29109, '2019-11-18 14:27:08'),
	(29110, '2019-11-18 14:27:08'),
	(29111, '2019-11-18 14:27:08'),
	(29112, '2019-11-18 14:27:09'),
	(29113, '2019-11-18 14:27:09'),
	(29114, '2019-11-18 14:27:09'),
	(29115, '2019-11-18 14:27:09'),
	(29116, '2019-11-18 14:27:09'),
	(29117, '2019-11-18 14:27:10'),
	(29118, '2019-11-18 14:27:10'),
	(29119, '2019-11-18 14:27:10'),
	(29120, '2019-11-18 14:27:10'),
	(29121, '2019-11-18 14:27:11'),
	(29122, '2019-11-18 14:27:11'),
	(29123, '2019-11-18 14:27:11'),
	(29124, '2019-11-18 14:27:12'),
	(29125, '2019-11-18 14:27:52'),
	(29126, '2019-11-18 14:34:44'),
	(29127, '2019-11-18 14:35:30'),
	(29128, '2019-11-18 14:36:10'),
	(29129, '2019-11-18 14:36:11'),
	(29130, '2019-11-18 14:36:12'),
	(29131, '2019-11-18 14:36:12'),
	(29132, '2019-11-18 14:36:12'),
	(29133, '2019-11-18 14:36:13'),
	(29134, '2019-11-18 14:36:41'),
	(29135, '2019-11-18 14:38:55'),
	(29136, '2019-11-18 14:39:26'),
	(29137, '2019-11-18 14:40:29'),
	(29138, '2019-11-18 14:41:29'),
	(29139, '2019-11-18 14:41:37'),
	(29140, '2019-11-18 14:42:31'),
	(29141, '2019-11-18 14:42:43'),
	(29142, '2019-11-18 14:42:49'),
	(29143, '2019-11-18 14:42:53'),
	(29144, '2019-11-18 14:43:03'),
	(29145, '2019-11-18 14:43:07'),
	(29146, '2019-11-18 14:43:10'),
	(29147, '2019-11-18 14:43:13'),
	(29148, '2019-11-18 14:43:21'),
	(29149, '2019-11-18 14:43:28'),
	(29150, '2019-11-18 14:43:52'),
	(29151, '2019-11-18 14:50:35'),
	(29152, '2019-11-18 14:51:07'),
	(29153, '2019-11-18 14:52:02'),
	(29154, '2019-11-18 14:53:55'),
	(29155, '2019-11-18 15:00:46'),
	(29156, '2019-11-18 15:01:14'),
	(29157, '2019-11-18 15:16:59'),
	(29158, '2019-11-18 15:27:29'),
	(29159, '2019-11-18 15:31:11'),
	(29160, '2019-11-18 15:46:15'),
	(29161, '2019-11-18 15:46:42'),
	(29162, '2019-11-18 15:47:09'),
	(29163, '2019-11-18 15:47:11'),
	(29164, '2019-11-18 15:47:20'),
	(29165, '2019-11-18 15:47:21'),
	(29166, '2019-11-18 15:47:21'),
	(29167, '2019-11-18 15:47:21'),
	(29168, '2019-11-18 15:47:21'),
	(29169, '2019-11-18 15:47:22'),
	(29170, '2019-11-18 15:47:22'),
	(29171, '2019-11-18 15:47:22'),
	(29172, '2019-11-18 15:47:41'),
	(29173, '2019-11-18 15:47:42'),
	(29174, '2019-11-18 15:47:54'),
	(29175, '2019-11-18 15:48:20'),
	(29176, '2019-11-18 15:48:34'),
	(29177, '2019-11-18 15:48:45'),
	(29178, '2019-11-18 15:49:05'),
	(29179, '2019-11-18 15:49:07'),
	(29180, '2019-11-18 15:49:09'),
	(29181, '2019-11-18 15:49:09'),
	(29182, '2019-11-18 15:49:09'),
	(29183, '2019-11-18 15:49:09'),
	(29184, '2019-11-18 15:49:26'),
	(29185, '2019-11-18 15:49:27'),
	(29186, '2019-11-18 15:49:27'),
	(29187, '2019-11-18 15:49:28'),
	(29188, '2019-11-18 15:49:28'),
	(29189, '2019-11-18 15:49:28'),
	(29190, '2019-11-18 15:49:28'),
	(29191, '2019-11-18 15:49:30'),
	(29192, '2019-11-18 15:49:32'),
	(29193, '2019-11-18 15:49:33'),
	(29194, '2019-11-18 15:49:33'),
	(29195, '2019-11-18 15:49:33'),
	(29196, '2019-11-18 15:49:33'),
	(29197, '2019-11-18 15:49:34'),
	(29198, '2019-11-18 15:49:34'),
	(29199, '2019-11-18 15:50:16'),
	(29200, '2019-11-18 15:50:25'),
	(29201, '2019-11-18 15:50:28'),
	(29202, '2019-11-18 15:50:34'),
	(29203, '2019-11-18 15:50:42'),
	(29204, '2019-11-18 15:50:48'),
	(29205, '2019-11-18 15:50:53'),
	(29206, '2019-11-18 15:51:03'),
	(29207, '2019-11-18 15:52:15'),
	(29208, '2019-11-18 15:52:18'),
	(29209, '2019-11-18 15:52:24'),
	(29210, '2019-11-18 15:54:49'),
	(29211, '2019-11-18 15:54:52'),
	(29212, '2019-11-18 15:55:20'),
	(29213, '2019-11-18 15:56:07'),
	(29214, '2019-11-18 15:57:44'),
	(29215, '2019-11-18 15:57:51'),
	(29216, '2019-11-18 15:59:33'),
	(29217, '2019-11-18 16:01:29'),
	(29218, '2019-11-18 16:01:35'),
	(29219, '2019-11-18 16:01:46'),
	(29220, '2019-11-18 16:01:56'),
	(29221, '2019-11-18 16:02:02'),
	(29222, '2019-11-18 16:02:17'),
	(29223, '2019-11-18 16:03:30'),
	(29224, '2019-11-18 16:04:04'),
	(29225, '2019-11-18 16:04:18'),
	(29226, '2019-11-18 16:04:35'),
	(29227, '2019-11-18 16:04:40'),
	(29228, '2019-11-18 16:05:31'),
	(29229, '2019-11-18 16:05:37'),
	(29230, '2019-11-18 16:05:42'),
	(29231, '2019-11-18 16:05:46'),
	(29232, '2019-11-18 16:12:29'),
	(29233, '2019-11-18 16:12:38'),
	(29234, '2019-11-18 16:13:18'),
	(29235, '2019-11-18 16:21:08'),
	(29236, '2019-11-18 16:21:19'),
	(29237, '2019-11-18 16:21:27'),
	(29238, '2019-11-18 16:21:31'),
	(29239, '2019-11-18 16:21:35'),
	(29240, '2019-11-18 16:22:22'),
	(29241, '2019-11-18 16:22:56'),
	(29242, '2019-11-18 16:23:19'),
	(29243, '2019-11-18 16:23:29'),
	(29244, '2019-11-18 16:25:38'),
	(29245, '2019-11-18 16:26:15'),
	(29246, '2019-11-18 16:28:10'),
	(29247, '2019-11-18 16:29:27'),
	(29248, '2019-11-18 16:46:48'),
	(29249, '2019-11-18 16:47:10'),
	(29250, '2019-11-18 16:47:58'),
	(29251, '2019-11-18 16:48:08'),
	(29252, '2019-11-18 16:48:14'),
	(29253, '2019-11-18 16:48:27'),
	(29254, '2019-11-18 16:49:00'),
	(29255, '2019-11-18 16:49:07'),
	(29256, '2019-11-18 16:49:14'),
	(29257, '2019-11-18 16:49:23'),
	(29258, '2019-11-18 16:50:15'),
	(29259, '2019-11-18 16:54:51'),
	(29260, '2019-11-18 17:00:17'),
	(29261, '2019-11-18 17:00:31'),
	(29262, '2019-11-18 17:02:49'),
	(29263, '2019-11-18 17:04:36'),
	(29264, '2019-11-18 17:04:57'),
	(29265, '2019-11-18 17:05:02'),
	(29266, '2019-11-18 17:05:21'),
	(29267, '2019-11-18 17:06:38'),
	(29268, '2019-11-18 17:06:42'),
	(29269, '2019-11-18 17:07:28'),
	(29270, '2019-11-18 17:07:39'),
	(29271, '2019-11-18 17:07:59'),
	(29272, '2019-11-18 17:09:18'),
	(29273, '2019-11-18 17:09:58'),
	(29274, '2019-11-18 17:11:06'),
	(29275, '2019-11-18 17:12:12'),
	(29276, '2019-11-18 17:12:16'),
	(29277, '2019-11-18 17:12:25'),
	(29278, '2019-11-18 17:13:05'),
	(29279, '2019-11-18 17:13:05'),
	(29280, '2019-11-18 17:13:30'),
	(29281, '2019-11-18 17:14:56'),
	(29282, '2019-11-18 17:14:58'),
	(29283, '2019-11-18 17:15:04'),
	(29284, '2019-11-18 17:15:53'),
	(29285, '2019-11-18 17:16:19'),
	(29286, '2019-11-18 17:16:27'),
	(29287, '2019-11-18 17:16:37'),
	(29288, '2019-11-18 17:17:42'),
	(29289, '2019-11-18 17:18:32'),
	(29290, '2019-11-18 17:19:08'),
	(29291, '2019-11-18 17:21:09'),
	(29292, '2019-11-18 17:21:15'),
	(29293, '2019-11-18 17:21:22'),
	(29294, '2019-11-18 17:21:48'),
	(29295, '2019-11-18 17:23:49'),
	(29296, '2019-11-18 17:24:06'),
	(29297, '2019-11-18 17:27:36'),
	(29298, '2019-11-18 17:27:43'),
	(29299, '2019-11-18 17:28:08'),
	(29300, '2019-11-18 17:28:42'),
	(29301, '2019-11-18 17:28:43'),
	(29302, '2019-11-18 17:28:45'),
	(29303, '2019-11-18 17:28:45'),
	(29304, '2019-11-18 17:29:05'),
	(29305, '2019-11-18 17:29:23'),
	(29306, '2019-11-18 17:30:09'),
	(29307, '2019-11-18 17:30:12'),
	(29308, '2019-11-19 00:36:49'),
	(29309, '2019-11-19 08:42:10'),
	(29310, '2019-11-19 08:42:10'),
	(29311, '2019-11-19 08:42:12'),
	(29312, '2019-11-19 08:42:13'),
	(29313, '2019-11-19 08:43:59'),
	(29314, '2019-11-19 08:44:00'),
	(29315, '2019-11-19 08:44:40'),
	(29316, '2019-11-19 08:49:19'),
	(29317, '2019-11-19 08:49:25'),
	(29318, '2019-11-19 08:51:19'),
	(29319, '2019-11-19 08:51:46'),
	(29320, '2019-11-19 08:52:03'),
	(29321, '2019-11-19 09:00:26'),
	(29322, '2019-11-19 09:00:27'),
	(29323, '2019-11-19 09:00:29'),
	(29324, '2019-11-19 09:00:29'),
	(29325, '2019-11-19 09:01:25'),
	(29326, '2019-11-19 09:01:27'),
	(29327, '2019-11-19 09:36:36'),
	(29328, '2019-11-19 09:42:36'),
	(29329, '2019-11-19 09:42:39'),
	(29330, '2019-11-19 09:42:43'),
	(29331, '2019-11-19 09:42:48'),
	(29332, '2019-11-19 09:42:51'),
	(29333, '2019-11-19 09:43:51'),
	(29334, '2019-11-19 09:43:55'),
	(29335, '2019-11-19 09:44:02'),
	(29336, '2019-11-19 09:56:45'),
	(29337, '2019-11-19 09:56:48'),
	(29338, '2019-11-19 10:01:23'),
	(29339, '2019-11-19 10:01:23'),
	(29340, '2019-11-19 10:01:26'),
	(29341, '2019-11-19 10:01:27'),
	(29342, '2019-11-19 10:01:32'),
	(29343, '2019-11-19 10:15:36'),
	(29344, '2019-11-19 15:08:49'),
	(29345, '2019-11-19 23:43:58'),
	(29346, '2019-11-20 05:39:50'),
	(29347, '2019-11-20 17:48:19'),
	(29348, '2019-11-21 08:50:16'),
	(29349, '2019-11-21 13:13:55'),
	(29350, '2019-11-21 13:13:59'),
	(29351, '2019-11-21 13:14:00'),
	(29352, '2019-11-21 14:04:32'),
	(29353, '2019-11-21 14:06:42'),
	(29354, '2019-11-21 14:08:36'),
	(29355, '2019-11-21 14:09:10'),
	(29356, '2019-11-21 14:28:27'),
	(29357, '2019-11-21 14:49:08'),
	(29358, '2019-11-21 15:12:45'),
	(29359, '2019-11-21 15:20:39'),
	(29360, '2019-11-21 15:21:14'),
	(29361, '2019-11-21 15:21:33'),
	(29362, '2019-11-21 15:25:44'),
	(29363, '2019-11-21 15:26:09'),
	(29364, '2019-11-21 16:35:25'),
	(29365, '2019-11-21 16:41:05'),
	(29366, '2019-11-21 16:41:27'),
	(29367, '2019-11-21 16:41:42'),
	(29368, '2019-11-21 16:42:00'),
	(29369, '2019-11-21 16:42:43'),
	(29370, '2019-11-21 16:43:25'),
	(29371, '2019-11-21 16:43:44'),
	(29372, '2019-11-21 16:43:52'),
	(29373, '2019-11-21 16:43:58'),
	(29374, '2019-11-21 16:44:02'),
	(29375, '2019-11-21 16:44:07'),
	(29376, '2019-11-21 16:44:12'),
	(29377, '2019-11-21 16:44:32'),
	(29378, '2019-11-21 16:44:51'),
	(29379, '2019-11-21 16:44:55'),
	(29380, '2019-11-21 16:45:00'),
	(29381, '2019-11-21 16:45:08'),
	(29382, '2019-11-21 16:45:12'),
	(29383, '2019-11-21 16:45:16'),
	(29384, '2019-11-21 16:45:20'),
	(29385, '2019-11-21 16:45:24'),
	(29386, '2019-11-21 16:45:33'),
	(29387, '2019-11-21 16:45:38'),
	(29388, '2019-11-21 16:45:59'),
	(29389, '2019-11-21 16:46:15'),
	(29390, '2019-11-21 16:46:20'),
	(29391, '2019-11-21 16:46:37'),
	(29392, '2019-11-21 16:47:11'),
	(29393, '2019-11-21 16:47:31'),
	(29394, '2019-11-21 16:47:41'),
	(29395, '2019-11-21 16:47:50'),
	(29396, '2019-11-21 16:47:54'),
	(29397, '2019-11-21 16:47:59'),
	(29398, '2019-11-21 16:48:03'),
	(29399, '2019-11-21 16:48:15'),
	(29400, '2019-11-21 16:48:22'),
	(29401, '2019-11-21 16:48:41'),
	(29402, '2019-11-21 16:48:46'),
	(29403, '2019-11-21 16:48:55'),
	(29404, '2019-11-21 16:49:02'),
	(29405, '2019-11-21 16:49:16'),
	(29406, '2019-11-21 16:49:23'),
	(29407, '2019-11-21 16:49:30'),
	(29408, '2019-11-21 16:49:33'),
	(29409, '2019-11-21 16:49:37'),
	(29410, '2019-11-21 16:49:40'),
	(29411, '2019-11-21 16:49:45'),
	(29412, '2019-11-21 16:49:48'),
	(29413, '2019-11-21 16:49:51'),
	(29414, '2019-11-21 16:52:32'),
	(29415, '2019-11-21 16:53:30'),
	(29416, '2019-11-21 16:54:19'),
	(29417, '2019-11-21 16:56:50'),
	(29418, '2019-11-21 16:57:05'),
	(29419, '2019-11-21 16:58:14'),
	(29420, '2019-11-21 16:58:14'),
	(29421, '2019-11-21 17:29:09'),
	(29422, '2019-11-21 17:29:21'),
	(29423, '2019-11-22 09:36:07'),
	(29424, '2019-11-22 09:36:08'),
	(29425, '2019-11-22 09:36:22'),
	(29426, '2019-11-22 09:39:40'),
	(29427, '2019-11-22 09:43:23'),
	(29428, '2019-11-22 10:05:06'),
	(29429, '2019-11-22 10:11:28'),
	(29430, '2019-11-22 10:13:59'),
	(29431, '2019-11-22 10:14:51'),
	(29432, '2019-11-22 10:15:26'),
	(29433, '2019-11-22 10:15:37'),
	(29434, '2019-11-22 10:17:05'),
	(29435, '2019-11-22 10:21:07'),
	(29436, '2019-11-22 10:21:34'),
	(29437, '2019-11-22 10:21:47'),
	(29438, '2019-11-22 10:21:54'),
	(29439, '2019-11-22 10:21:58'),
	(29440, '2019-11-22 10:27:37'),
	(29441, '2019-11-22 10:30:36'),
	(29442, '2019-11-22 10:40:30'),
	(29443, '2019-11-22 10:54:30'),
	(29444, '2019-11-22 10:54:38'),
	(29445, '2019-11-22 10:54:39'),
	(29446, '2019-11-22 10:54:41'),
	(29447, '2019-11-22 10:55:06'),
	(29448, '2019-11-22 11:03:08'),
	(29449, '2019-11-22 17:09:01'),
	(29450, '2019-11-22 17:09:03'),
	(29451, '2019-11-23 07:01:17'),
	(29452, '2019-11-23 07:05:39'),
	(29453, '2019-11-23 13:38:19'),
	(29454, '2019-11-23 15:31:20'),
	(29455, '2019-11-23 15:54:00'),
	(29456, '2019-11-23 17:54:48'),
	(29457, '2019-11-24 01:18:24'),
	(29458, '2019-11-24 03:28:29'),
	(29459, '2019-11-24 10:19:18'),
	(29460, '2019-11-24 11:54:18'),
	(29461, '2019-11-24 19:37:01'),
	(29462, '2019-11-24 20:21:36'),
	(29463, '2019-11-25 10:24:27'),
	(29464, '2019-11-25 10:28:23'),
	(29465, '2019-11-25 10:31:12'),
	(29466, '2019-11-25 13:16:24'),
	(29467, '2019-11-25 19:08:03'),
	(29468, '2019-11-26 00:25:02'),
	(29469, '2019-11-26 00:39:55'),
	(29470, '2019-11-26 08:15:53'),
	(29471, '2019-11-26 08:18:13'),
	(29472, '2019-11-26 10:37:19'),
	(29473, '2019-11-26 15:20:44'),
	(29474, '2019-11-27 14:36:08'),
	(29475, '2019-11-27 14:37:01'),
	(29476, '2019-11-27 14:42:09'),
	(29477, '2019-11-27 15:10:21'),
	(29478, '2019-11-27 15:11:00'),
	(29479, '2019-11-28 04:35:40'),
	(29480, '2019-11-28 09:54:40'),
	(29481, '2019-11-29 04:17:47'),
	(29482, '2019-11-29 14:11:57'),
	(29483, '2019-11-29 20:39:35'),
	(29484, '2019-11-30 07:17:35'),
	(29485, '2019-11-30 09:46:52'),
	(29486, '2019-11-30 20:39:20'),
	(29487, '2019-12-01 07:28:11'),
	(29488, '2019-12-02 03:57:46'),
	(29489, '2019-12-02 09:27:41'),
	(29490, '2019-12-02 09:27:43'),
	(29491, '2019-12-02 09:28:02'),
	(29492, '2019-12-02 13:19:22'),
	(29493, '2019-12-02 13:39:55'),
	(29494, '2019-12-02 17:07:50'),
	(29495, '2019-12-03 11:14:02'),
	(29496, '2019-12-04 07:01:18'),
	(29497, '2019-12-04 10:06:35'),
	(29498, '2019-12-04 10:37:43'),
	(29499, '2019-12-04 15:32:06'),
	(29500, '2019-12-04 18:41:34'),
	(29501, '2019-12-05 06:59:15'),
	(29502, '2019-12-05 07:55:30'),
	(29503, '2019-12-05 22:33:05'),
	(29504, '2019-12-06 07:34:36'),
	(29505, '2019-12-06 09:10:17'),
	(29506, '2019-12-06 11:32:04'),
	(29507, '2019-12-06 13:33:15'),
	(29508, '2019-12-06 14:23:53'),
	(29509, '2019-12-06 14:24:05'),
	(29510, '2019-12-06 16:54:06'),
	(29511, '2019-12-06 20:43:33'),
	(29512, '2019-12-07 05:43:23'),
	(29513, '2019-12-09 15:33:03'),
	(29514, '2019-12-09 16:32:35'),
	(29515, '2019-12-09 16:32:37'),
	(29516, '2019-12-09 16:32:43'),
	(29517, '2019-12-09 16:34:01'),
	(29518, '2019-12-09 16:34:16'),
	(29519, '2019-12-10 10:38:10'),
	(29520, '2019-12-10 16:06:41'),
	(29521, '2019-12-10 16:29:27'),
	(29522, '2019-12-10 16:29:29'),
	(29523, '2019-12-10 21:11:38'),
	(29524, '2019-12-11 05:37:47'),
	(29525, '2019-12-11 15:25:53'),
	(29526, '2019-12-11 16:33:38'),
	(29527, '2019-12-12 01:16:29'),
	(29528, '2019-12-16 14:30:27'),
	(29529, '2019-12-17 05:49:55'),
	(29530, '2019-12-18 08:27:08'),
	(29531, '2019-12-18 11:32:51'),
	(29532, '2019-12-18 19:20:56'),
	(29533, '2019-12-19 02:11:44'),
	(29534, '2019-12-20 02:37:11'),
	(29535, '2019-12-20 15:50:58'),
	(29536, '2019-12-22 21:40:42'),
	(29537, '2019-12-23 05:07:51'),
	(29538, '2019-12-24 01:53:55'),
	(29539, '2019-12-24 03:21:39'),
	(29540, '2019-12-24 16:58:23'),
	(29541, '2019-12-24 16:58:31'),
	(29542, '2019-12-24 17:25:59'),
	(29543, '2019-12-25 15:24:26'),
	(29544, '2019-12-25 17:45:47');
/*!40000 ALTER TABLE `tb_acessos` ENABLE KEYS */;

-- Copiando estrutura para tabela promotorasdeve.tb_configs
CREATE TABLE IF NOT EXISTS `tb_configs` (
  `NomeSistema` varchar(50) DEFAULT NULL,
  `NomeEmpresa` varchar(50) DEFAULT NULL,
  `Logotipo` varchar(50) DEFAULT NULL,
  `CNPJ` varchar(50) DEFAULT NULL,
  `Site` varchar(50) DEFAULT NULL,
  `Email` varchar(50) DEFAULT NULL,
  `Telefone` varchar(50) DEFAULT NULL,
  `Endereco` varchar(50) DEFAULT NULL,
  `Bairro` varchar(50) DEFAULT NULL,
  `Cidade` varchar(50) DEFAULT NULL,
  `Estado` varchar(50) DEFAULT NULL
) ENGINE=InnoDB DEFAULT CHARSET=latin1;

-- Copiando dados para a tabela promotorasdeve.tb_configs: ~0 rows (aproximadamente)
DELETE FROM `tb_configs`;
/*!40000 ALTER TABLE `tb_configs` DISABLE KEYS */;
/*!40000 ALTER TABLE `tb_configs` ENABLE KEYS */;

-- Copiando estrutura para tabela promotorasdeve.tb_email
CREATE TABLE IF NOT EXISTS `tb_email` (
  `ID` int(3) NOT NULL AUTO_INCREMENT,
  `smtp` varchar(50) NOT NULL,
  `porta` int(5) NOT NULL,
  `email` varchar(60) NOT NULL,
  `senha` varchar(60) NOT NULL,
  PRIMARY KEY (`ID`)
) ENGINE=InnoDB DEFAULT CHARSET=latin1;

-- Copiando dados para a tabela promotorasdeve.tb_email: ~1 rows (aproximadamente)
DELETE FROM `tb_email`;
/*!40000 ALTER TABLE `tb_email` DISABLE KEYS */;
INSERT INTO `tb_email` (`ID`, `smtp`, `porta`, `email`, `senha`) VALUES
	(1, 'smtp.terra.com.br', 587, 'diretoria@factu.com.br', 'direto01'),
	(2, 'smtp.terra.com.br', 587, 'curriculo@factu.com.br', '123factu');
/*!40000 ALTER TABLE `tb_email` ENABLE KEYS */;

-- Copiando estrutura para tabela promotorasdeve.tb_imagens
CREATE TABLE IF NOT EXISTS `tb_imagens` (
  `ID` int(11) NOT NULL AUTO_INCREMENT,
  `nome` varchar(50) DEFAULT NULL,
  `titulo` varchar(1024) DEFAULT NULL,
  `arquivo` varchar(50) DEFAULT NULL,
  `id_tela` int(11) DEFAULT NULL,
  `destaque` tinyint(4) DEFAULT 0,
  PRIMARY KEY (`ID`)
) ENGINE=InnoDB DEFAULT CHARSET=latin1;

-- Copiando dados para a tabela promotorasdeve.tb_imagens: ~316 rows (aproximadamente)
DELETE FROM `tb_imagens`;
/*!40000 ALTER TABLE `tb_imagens` DISABLE KEYS */;
INSERT INTO `tb_imagens` (`ID`, `nome`, `titulo`, `arquivo`, `id_tela`, `destaque`) VALUES
	(11, '25.jpg', 'Promotor de vendas com moto', '25.jpg', 15, NULL),
	(12, '24.jpg', 'Promotoras de vendas', '24.jpg', 15, NULL),
	(14, '23.jpg', 'Promotora de vendas de cosméticos', '23.jpg', 15, NULL),
	(15, '22.jpg', 'Promotora de vendas com carro', '22.jpg', 15, NULL),
	(16, '21.jpg', 'Promotora de vendas de cosméticos (Guarulho e Osasco)', '21.jpg', 15, NULL),
	(23, '20.jpg', 'Analista de Comunicação', '20.jpg', 15, NULL),
	(34, '19.jpg', 'Especialista em Animações', '19.jpg', 15, NULL),
	(35, '18.jpg', 'Promotor de Trade Mkt c/ moto', '18.jpg', 15, NULL),
	(36, '17.jpg', 'Designer Gráfico', '17.jpg', 15, NULL),
	(37, '16.jpg', 'Produtor RTV - SP(Capital)', '16.jpg', 15, NULL),
	(38, '15.jpg', 'Promotor de Vendas', '15.jpg', 15, NULL),
	(39, '14.jpg', 'Promotor de vendas com moto (Região Oeste e Sul de SP)', '14.jpg', 15, NULL),
	(40, '13.jpg', 'Promotores de Vendas', '13.jpg', 15, NULL),
	(41, '12.jpg', 'Roteirista', '12.jpg', 15, NULL),
	(42, '11.jpg', 'Promotor de Merchandising (Região Guarulhos)', '11.jpg', 15, NULL),
	(43, '10.jpg', 'Promotoras de vendas de cosméticos', '10.jpg', 15, NULL),
	(44, '09.jpg', 'Promotor de vendas c/ moto (Região de Taubaté ou São José dos Campos)', '09.jpg', 15, NULL),
	(45, '08.jpg', 'Promotor de vendas c/ moto (Brasília - DF)', '08.jpg', 15, NULL),
	(48, '07.jpg', 'Promotor de vendas com moto (Região Oeste ou Norte de SP)', '07.jpg', 15, 0),
	(49, '06.jpg', 'Promotor de vendas Z.Norte - SP', '06.jpg', 15, 0),
	(53, '05.jpg', 'Promotores de Eventos c/ Veículo (São Paulo - SP) ', '05.jpg', 15, 0),
	(54, '04.jpg', 'Promotores de Eventos c/ veículo em Campinas - SP', '04.jpg', 15, 0),
	(55, '03.jpg', 'Promotores de Eventos c/ veículo em Santos-SP', '03.jpg', 15, 0),
	(56, '02.jpg', 'Promotor de Vendas - Agrícola, veterinário ou zootecnista (Guaporé - MT)', '02.jpg', 15, 0),
	(57, '01.jpg', 'Promotor de vendas c/ moto no ABC Paulista', '01.jpg', 15, 0),
	(63, 'Image54.jpg', 'Ações Promocionais', 'Image54.jpg', 10, 0),
	(64, 'Image38.jpg', 'Ações Promocionais', 'Image38.jpg', 10, 0),
	(65, 'Image72.jpg', 'Desgin em PDV', 'Image72.jpg', 11, 0),
	(66, 'Image110.jpg', 'Desgin em PDV', 'Image110.jpg', 11, 0),
	(67, 'Image142.jpg', 'Mídia Impresa', 'Image142.jpg', 12, 0),
	(68, 'Image153.jpg', 'Mídia Impresa', 'Image153.jpg', 12, 0),
	(69, 'Image170.jpg', 'Folders e Catálogos', 'Image170.jpg', 13, 0),
	(70, 'Image175.jpg', 'Folders e Catálogos', 'Image175.jpg', 13, 0),
	(132, 'Image1.jpg', 'Ações Promocionais', 'Image1.jpg', 10, 0),
	(134, 'Image3.jpg', 'Ações Promocionais', 'Image3.jpg', 10, 0),
	(135, 'Image4.jpg', 'Ações Promocionais', 'Image4.jpg', 10, 0),
	(136, 'Image5.jpg', 'Ações Promocionais', 'Image5.jpg', 10, 0),
	(137, 'Image6.jpg', 'Ações Promocionais', 'Image6.jpg', 10, 0),
	(138, 'Image7.jpg', 'Ações Promocionais', 'Image7.jpg', 10, 0),
	(139, 'Image8.jpg', 'Ações Promocionais', 'Image8.jpg', 10, 0),
	(140, 'Image9.jpg', 'Ações Promocionais', 'Image9.jpg', 10, 0),
	(141, 'Image10.jpg', 'Ações Promocionais', 'Image10.jpg', 10, 0),
	(142, 'Image11.jpg', 'Ações Promocionais', 'Image11.jpg', 10, 0),
	(143, 'Image12.jpg', 'Ações Promocionais', 'Image12.jpg', 10, 0),
	(144, 'Image13.jpg', 'Ações Promocionais', 'Image13.jpg', 10, 0),
	(145, 'Image14.jpg', 'Ações Promocionais', 'Image14.jpg', 10, 0),
	(146, 'Image15.jpg', 'Ações Promocionais', 'Image15.jpg', 10, 0),
	(147, 'Image16.jpg', 'Ações Promocionais', 'Image16.jpg', 10, 0),
	(148, 'Image17.jpg', 'Ações Promocionais', 'Image17.jpg', 10, 0),
	(149, 'Image18.jpg', 'Ações Promocionais', 'Image18.jpg', 10, 0),
	(150, 'Image19.jpg', 'Ações Promocionais', 'Image19.jpg', 10, 0),
	(151, 'Image20.jpg', 'Ações Promocionais', 'Image20.jpg', 10, 0),
	(152, 'Image21.jpg', 'Ações Promocionais', 'Image21.jpg', 10, 0),
	(153, 'Image22.jpg', 'Ações Promocionais', 'Image22.jpg', 10, 0),
	(154, 'Image23.jpg', 'Ações Promocionais', 'Image23.jpg', 10, 0),
	(155, 'Image24.jpg', 'Ações Promocionais', 'Image24.jpg', 10, 0),
	(156, 'Image25.jpg', 'Ações Promocionais', 'Image25.jpg', 10, 0),
	(157, 'Image27.jpg', 'Ações Promocionais', 'Image27.jpg', 10, 0),
	(158, 'Image28.jpg', 'Ações Promocionais', 'Image28.jpg', 10, 0),
	(159, 'Image29.jpg', 'Ações Promocionais', 'Image29.jpg', 10, 0),
	(160, 'Image30.jpg', 'Ações Promocionais', 'Image30.jpg', 10, 0),
	(161, 'Image31.jpg', 'Ações Promocionais', 'Image31.jpg', 10, 0),
	(162, 'Image32.jpg', 'Ações Promocionais', 'Image32.jpg', 10, 0),
	(164, 'Image36.jpg', 'Ações Promocionais', 'Image36.jpg', 10, 0),
	(165, 'Image37.jpg', 'Ações Promocionais', 'Image37.jpg', 10, 0),
	(166, 'Image39.jpg', 'Ações Promocionais', 'Image39.jpg', 10, 0),
	(167, 'Image40.jpg', 'Ações Promocionais', 'Image40.jpg', 10, 0),
	(168, 'Image41.jpg', 'Ações Promocionais', 'Image41.jpg', 10, 0),
	(169, 'Image42.jpg', 'Ações Promocionais', 'Image42.jpg', 10, 0),
	(170, 'Image43.jpg', 'Ações Promocionais', 'Image43.jpg', 10, 0),
	(171, 'Image44.jpg', 'Ações Promocionais', 'Image44.jpg', 10, 0),
	(172, 'Image45.jpg', 'Ações Promocionais', 'Image45.jpg', 10, 0),
	(173, 'Image46.jpg', 'Ações Promocionais', 'Image46.jpg', 10, 0),
	(174, 'Image47.jpg', 'Ações Promocionais', 'Image47.jpg', 10, 0),
	(175, 'Image48.jpg', 'Ações Promocionais', 'Image48.jpg', 10, 0),
	(176, 'Image49.jpg', 'Ações Promocionais', 'Image49.jpg', 10, 0),
	(177, 'Image50.jpg', 'Ações Promocionais', 'Image50.jpg', 10, 0),
	(178, 'Image51.jpg', 'Ações Promocionais', 'Image51.jpg', 10, 0),
	(179, 'Image52.jpg', 'Ações Promocionais', 'Image52.jpg', 10, 0),
	(180, 'Image53.jpg', 'Ações Promocionais', 'Image53.jpg', 10, 0),
	(181, 'Image55.jpg', 'Ações Promocionais', 'Image55.jpg', 10, 0),
	(182, 'Image56.jpg', 'Ações Promocionais', 'Image56.jpg', 10, 0),
	(183, 'Image57.jpg', 'Ações Promocionais', 'Image57.jpg', 10, 0),
	(184, 'Image59.jpg', 'Ações Promocionais', 'Image59.jpg', 10, 0),
	(185, 'Image60.jpg', 'Ações Promocionais', 'Image60.jpg', 10, 0),
	(186, 'Image61.jpg', 'Ações Promocionais', 'Image61.jpg', 10, 0),
	(187, 'Image62.jpg', 'Ações Promocionais', 'Image62.jpg', 10, 0),
	(188, 'Image63.jpg', 'Ações Promocionais', 'Image63.jpg', 10, 0),
	(189, 'Image64.jpg', 'Ações Promocionais', 'Image64.jpg', 10, 0),
	(190, 'Image65.jpg', 'Ações Promocionais', 'Image65.jpg', 10, 0),
	(191, 'Image66.jpg', 'Ações Promocionais', 'Image66.jpg', 10, 0),
	(192, 'Image68.jpg', 'Ações Promocionais', 'Image68.jpg', 10, 0),
	(194, 'Image70.jpg', 'Ações Promocionais', 'Image70.jpg', 10, 0),
	(195, 'Image71.jpg', 'Ações Promocionais', 'Image71.jpg', 10, 0),
	(198, 'Image74.jpg', 'Desgin em PDV', 'Image74.jpg', 11, 0),
	(199, 'Image75.jpg', 'Desgin em PDV', 'Image75.jpg', 11, 0),
	(200, 'Image76.jpg', 'Desgin em PDV', 'Image76.jpg', 11, 0),
	(201, 'Image77.jpg', 'Desgin em PDV', 'Image77.jpg', 11, 0),
	(202, 'Image78.jpg', 'Desgin em PDV', 'Image78.jpg', 11, 0),
	(203, 'Image79.jpg', 'Desgin em PDV', 'Image79.jpg', 11, 0),
	(204, 'Image80.jpg', 'Desgin em PDV', 'Image80.jpg', 11, 0),
	(205, 'Image81.jpg', 'Desgin em PDV', 'Image81.jpg', 11, 0),
	(206, 'Image82.jpg', 'Desgin em PDV', 'Image82.jpg', 11, 0),
	(207, 'Image83.jpg', 'Desgin em PDV', 'Image83.jpg', 11, 0),
	(208, 'Image84.jpg', 'Desgin em PDV', 'Image84.jpg', 11, 0),
	(209, 'Image85.jpg', 'Desgin em PDV', 'Image85.jpg', 11, 0),
	(210, 'Image86.jpg', 'Desgin em PDV', 'Image86.jpg', 11, 0),
	(211, 'Image87.jpg', 'Desgin em PDV', 'Image87.jpg', 11, 0),
	(212, 'Image88.jpg', 'Desgin em PDV', 'Image88.jpg', 11, 0),
	(213, 'Image89.jpg', 'Desgin em PDV', 'Image89.jpg', 11, 0),
	(214, 'Image90.jpg', 'Desgin em PDV', 'Image90.jpg', 11, 0),
	(215, 'Image91.jpg', 'Desgin em PDV', 'Image91.jpg', 11, 0),
	(216, 'Image92.jpg', 'Desgin em PDV', 'Image92.jpg', 11, 0),
	(217, 'Image93.jpg', 'Desgin em PDV', 'Image93.jpg', 11, 0),
	(218, 'Image94.jpg', 'Desgin em PDV', 'Image94.jpg', 11, 0),
	(219, 'Image95.jpg', 'Desgin em PDV', 'Image95.jpg', 11, 0),
	(220, 'Image96.jpg', 'Desgin em PDV', 'Image96.jpg', 11, 0),
	(221, 'Image97.jpg', 'Desgin em PDV', 'Image97.jpg', 11, 0),
	(222, 'Image98.jpg', 'Desgin em PDV', 'Image98.jpg', 11, 0),
	(223, 'Image99.jpg', 'Desgin em PDV', 'Image99.jpg', 11, 0),
	(224, 'Image100.jpg', 'Desgin em PDV', 'Image100.jpg', 11, 0),
	(225, 'Image111.jpg', 'Desgin em PDV', 'Image111.jpg', 11, 0),
	(226, 'Image112.jpg', 'Desgin em PDV', 'Image112.jpg', 11, 0),
	(227, 'Image113.jpg', 'Desgin em PDV', 'Image113.jpg', 11, 0),
	(228, 'Image114.jpg', 'Desgin em PDV', 'Image114.jpg', 11, 0),
	(229, 'Image115.jpg', 'Desgin em PDV', 'Image115.jpg', 11, 0),
	(230, 'Image116.jpg', 'Desgin em PDV', 'Image116.jpg', 11, 0),
	(231, 'Image117.jpg', 'Desgin em PDV', 'Image117.jpg', 11, 0),
	(232, 'Image118.jpg', 'Desgin em PDV', 'Image118.jpg', 11, 0),
	(233, 'Image119.jpg', 'Desgin em PDV', 'Image119.jpg', 11, 0),
	(234, 'Image120.jpg', 'Desgin em PDV', 'Image120.jpg', 11, 0),
	(235, 'Image121.jpg', 'Desgin em PDV', 'Image121.jpg', 11, 0),
	(236, 'Image122.jpg', 'Desgin em PDV', 'Image122.jpg', 11, 0),
	(237, 'Image123.jpg', 'Desgin em PDV', 'Image123.jpg', 11, 0),
	(238, 'Image124.jpg', 'Desgin em PDV', 'Image124.jpg', 11, 0),
	(239, 'Image125.jpg', 'Desgin em PDV', 'Image125.jpg', 11, 0),
	(240, 'Image126.jpg', 'Desgin em PDV', 'Image126.jpg', 11, 0),
	(241, 'Image127.jpg', 'Desgin em PDV', 'Image127.jpg', 11, 0),
	(242, 'Image101.jpg', 'Desgin em PDV', 'Image101.jpg', 11, 0),
	(243, 'Image102.jpg', 'Desgin em PDV', 'Image102.jpg', 11, 0),
	(244, 'Image103.jpg', 'Desgin em PDV', 'Image103.jpg', 11, 0),
	(245, 'Image104.jpg', 'Desgin em PDV', 'Image104.jpg', 11, 0),
	(246, 'Image105.jpg', 'Desgin em PDV', 'Image105.jpg', 11, 0),
	(247, 'Image106.jpg', 'Desgin em PDV', 'Image106.jpg', 11, 0),
	(248, 'Image107.jpg', 'Desgin em PDV', 'Image107.jpg', 11, 0),
	(249, 'Image108.jpg', 'Desgin em PDV', 'Image108.jpg', 11, 0),
	(250, 'Image109.jpg', 'Desgin em PDV', 'Image109.jpg', 11, 0),
	(251, 'Image128.jpg', 'Mídia Impresa', 'Image128.jpg', 12, 0),
	(252, 'Image129.jpg', 'Mídia Impresa', 'Image129.jpg', 12, 0),
	(253, 'Image130.jpg', 'Mídia Impresa', 'Image130.jpg', 12, 0),
	(254, 'Image131.jpg', 'Mídia Impresa', 'Image131.jpg', 12, 0),
	(255, 'Image132.jpg', 'Mídia Impresa', 'Image132.jpg', 12, 0),
	(256, 'Image133.jpg', 'Mídia Impresa', 'Image133.jpg', 12, 0),
	(257, 'Image134.jpg', 'Mídia Impresa', 'Image134.jpg', 12, 0),
	(258, 'Image135.jpg', 'Mídia Impresa', 'Image135.jpg', 12, 0),
	(259, 'Image136.jpg', 'Mídia Impresa', 'Image136.jpg', 12, 0),
	(260, 'Image137.jpg', 'Mídia Impresa', 'Image137.jpg', 12, 0),
	(261, 'Image138.jpg', 'Mídia Impresa', 'Image138.jpg', 12, 0),
	(262, 'Image139.jpg', 'Mídia Impresa', 'Image139.jpg', 12, 0),
	(263, 'Image140.jpg', 'Mídia Impresa', 'Image140.jpg', 12, 0),
	(264, 'Image141.jpg', 'Mídia Impresa', 'Image141.jpg', 12, 0),
	(265, 'Image143.jpg', 'Mídia Impresa', 'Image143.jpg', 12, 0),
	(266, 'Image144.jpg', 'Mídia Impresa', 'Image144.jpg', 12, 0),
	(267, 'Image145.jpg', 'Mídia Impresa', 'Image145.jpg', 12, 0),
	(268, 'Image146.jpg', 'Mídia Impresa', 'Image146.jpg', 12, 0),
	(269, 'Image147.jpg', 'Mídia Impresa', 'Image147.jpg', 12, 0),
	(270, 'Image148.jpg', 'Mídia Impresa', 'Image148.jpg', 12, 0),
	(271, 'Image149.jpg', 'Mídia Impresa', 'Image149.jpg', 12, 0),
	(272, 'Image150.jpg', 'Mídia Impresa', 'Image150.jpg', 12, 0),
	(273, 'Image151.jpg', 'Mídia Impresa', 'Image151.jpg', 12, 0),
	(274, 'Image154.jpg', 'Mídia Impresa', 'Image154.jpg', 12, 0),
	(275, 'Image155.jpg', 'Folders e Catálogos', 'Image155.jpg', 13, 0),
	(276, 'Image156.jpg', 'Folders e Catálogos', 'Image156.jpg', 13, 0),
	(277, 'Image157.jpg', 'Folders e Catálogos', 'Image157.jpg', 13, 0),
	(278, 'Image158.jpg', 'Folders e Catálogos', 'Image158.jpg', 13, 0),
	(279, 'Image159.jpg', 'Folders e Catálogos', 'Image159.jpg', 13, 0),
	(280, 'Image160.jpg', 'Folders e Catálogos', 'Image160.jpg', 13, 0),
	(281, 'Image161.jpg', 'Folders e Catálogos', 'Image161.jpg', 13, 0),
	(282, 'Image162.jpg', 'Folders e Catálogos', 'Image162.jpg', 13, 0),
	(283, 'Image163.jpg', 'Folders e Catálogos', 'Image163.jpg', 13, 0),
	(284, 'Image164.jpg', 'Folders e Catálogos', 'Image164.jpg', 13, 0),
	(285, 'Image165.jpg', 'Folders e Catálogos', 'Image165.jpg', 13, 0),
	(286, 'Image166.jpg', 'Folders e Catálogos', 'Image166.jpg', 13, 0),
	(287, 'Image167.jpg', 'Folders e Catálogos', 'Image167.jpg', 13, 0),
	(288, 'Image168.jpg', 'Folders e Catálogos', 'Image168.jpg', 13, 0),
	(289, 'Image169.jpg', 'Folders e Catálogos', 'Image169.jpg', 13, 0),
	(290, 'Image171.jpg', 'Folders e Catálogos', 'Image171.jpg', 13, 0),
	(291, 'Image172.jpg', 'Folders e Catálogos', 'Image172.jpg', 13, 0),
	(292, 'Image173.jpg', 'Folders e Catálogos', 'Image173.jpg', 13, 0),
	(293, 'Image174.jpg', 'Folders e Catálogos', 'Image174.jpg', 13, 0),
	(295, 'Image177.jpg', 'Folders e Catálogos', 'Image177.jpg', 13, 0),
	(296, 'Image178.jpg', 'Folders e Catálogos', 'Image178.jpg', 13, 0),
	(297, 'Image179.jpg', 'Folders e Catálogos', 'Image179.jpg', 13, 0),
	(298, 'Image180.jpg', 'Folders e Catálogos', 'Image180.jpg', 13, 0),
	(299, 'Image181.jpg', 'Folders e Catálogos', 'Image181.jpg', 13, 0),
	(300, 'Image182.jpg', 'Folders e Catálogos', 'Image182.jpg', 13, 0),
	(301, 'Image183.jpg', 'Folders e Catálogos', 'Image183.jpg', 13, 0),
	(302, '01.png', 'Accor - ibis Hotel', '01.png', 14, 0),
	(305, '02.png', 'Ambev', '02.png', 14, 0),
	(306, '03.png', 'Banco24Horas', '03.png', 14, 0),
	(307, '04.png', 'Biovet', '04.png', 14, 0),
	(308, '05.png', 'Bohemia', '05.png', 14, 0),
	(309, '06.png', 'Bonafont', '06.png', 14, 0),
	(310, '07.png', 'Braskit', '07.png', 14, 0),
	(311, '08.png', 'Camil', '08.png', 14, 0),
	(312, '09.png', 'Ceva', '09.png', 14, 0),
	(313, '10.png', 'Danone', '10.png', 14, 0),
	(314, '11.png', 'Danone Nutrição Especializada', '11.png', 14, 0),
	(315, '12.png', 'DCL', '12.png', 14, 0),
	(316, '13.png', 'UFC3', '13.png', 14, 0),
	(317, '14.png', 'Estrela', '14.png', 14, 0),
	(318, '15.png', 'FastPlas', '15.png', 14, 0),
	(319, '16.png', 'Fini', '16.png', 14, 0),
	(320, '17.png', 'Fritop', '17.png', 14, 0),
	(321, '18.png', 'Grafons', '18.png', 14, 0),
	(322, '19.png', 'GRSA', '19.png', 14, 0),
	(323, '20.png', 'Gran Mestri', '20.png', 14, 0),
	(324, '21.png', 'HUB', '21.png', 14, 0),
	(325, '22.png', 'Jundiá', '22.png', 14, 0),
	(326, '23.png', 'Keratinology', '23.png', 14, 0),
	(327, '24.png', 'Konami', '24.png', 14, 0),
	(328, '25.png', 'Lolapalooza', '25.png', 14, 0),
	(329, '26.png', 'Lorenzetti', '26.png', 14, 0),
	(330, '27.png', 'Magnus', '27.png', 14, 0),
	(331, '28.png', 'Maguary', '28.png', 14, 0),
	(332, '29.png', 'Marsil', '29.png', 14, 0),
	(333, '30.png', 'Vinho Natal', '30.png', 14, 0),
	(334, '31.png', 'Nasha', '31.png', 14, 0),
	(335, '32.png', 'Pepsico', '32.png', 14, 0),
	(336, '33.png', 'Pernod Ricard', '33.png', 14, 0),
	(337, '34.png', 'Prata', '34.png', 14, 0),
	(338, '35.png', 'Santomé', '35.png', 14, 0),
	(339, '36.png', 'Shefa', '36.png', 14, 0),
	(340, '37.png', 'Simonetto', '37.png', 14, 0),
	(341, '38.png', 'Tarkett', '38.png', 14, 0),
	(342, '39.png', 'Utam', '39.png', 14, 0),
	(343, '40.png', 'Vitalab', '40.png', 14, 0),
	(344, '41.png', 'West Coast', '41.png', 14, 0),
	(345, '42.png', 'Wonderful Pistachios', '42.png', 14, 0),
	(348, '43.png', 'Xalingo', '43.png', 14, 0),
	(373, 'logo.png', 'Factu', 'logo.png', 17, 0),
	(375, 'Image184.jpg', 'Merchandising', 'Image184.jpg', 19, 0),
	(377, 'Image185.jpg', 'Merchandising', 'Image185.jpg', 19, 0),
	(378, 'Image186.jpg', 'Merchandising', 'Image186.jpg', 19, 0),
	(379, 'Image187.jpg', 'Merchandising', 'Image187.jpg', 19, 0),
	(380, 'Image188.jpg', 'Merchandising', 'Image188.jpg', 19, 0),
	(381, 'Image190.jpg', 'Merchandising', 'Image190.jpg', 19, 0),
	(382, 'Image191.jpg', 'Merchandising', 'Image191.jpg', 19, 0),
	(383, 'Image192.jpg', 'Merchandising', 'Image192.jpg', 19, 0),
	(384, 'Image193.jpg', 'Merchandising', 'Image193.jpg', 19, 0),
	(385, 'Image194.jpg', 'Merchandising', 'Image194.jpg', 19, 0),
	(386, 'Image196.jpg', 'Merchandising', 'Image196.jpg', 19, 0),
	(387, 'Image197.jpg', 'Merchandising', 'Image197.jpg', 19, 0),
	(388, 'Image199.jpg', 'Merchandising', 'Image199.jpg', 19, 0),
	(389, 'Image200.jpg', 'Merchandising', 'Image200.jpg', 19, 0),
	(390, 'Image201.jpg', 'Merchandising', 'Image201.jpg', 19, 0),
	(391, 'Image202.jpg', 'Merchandising', 'Image202.jpg', 19, 0),
	(392, 'Image203.jpg', 'Merchandising', 'Image203.jpg', 19, 0),
	(393, 'Image204.jpg', 'Merchandising', 'Image204.jpg', 19, 0),
	(394, 'Image205.jpg', 'Merchandising', 'Image205.jpg', 19, 0),
	(395, 'Image206.jpg', 'Merchandising', 'Image206.jpg', 19, 0),
	(396, 'Image207.jpg', 'Merchandising', 'Image207.jpg', 19, 0),
	(397, 'Image208.jpg', 'Merchandising', 'Image208.jpg', 19, 0),
	(398, 'Image209.jpg', 'Merchandising', 'Image209.jpg', 19, 0),
	(399, 'Image210.jpg', 'Merchandising', 'Image210.jpg', 19, 0),
	(400, 'Image211.jpg', 'Merchandising', 'Image211.jpg', 19, 0),
	(401, 'Image212.jpg', 'Merchandising', 'Image212.jpg', 19, 0),
	(402, 'Image213.jpg', 'Merchandising', 'Image213.jpg', 19, 0),
	(403, 'Image214.jpg', 'Merchandising', 'Image214.jpg', 19, 0),
	(404, 'Image215.jpg', 'Merchandising', 'Image215.jpg', 19, 0),
	(405, 'Image216.jpg', 'Merchandising', 'Image216.jpg', 19, 0),
	(406, 'Image217.jpg', 'Merchandising', 'Image217.jpg', 19, 0),
	(407, 'Image218.jpg', 'Merchandising', 'Image218.jpg', 19, 0),
	(408, 'Image219.jpg', 'Merchandising', 'Image219.jpg', 19, 0),
	(409, 'Image220.jpg', 'Merchandising', 'Image220.jpg', 19, 0),
	(410, 'Image221.jpg', 'Merchandising', 'Image221.jpg', 19, 0),
	(411, 'Image222.jpg', 'Merchandising', 'Image222.jpg', 19, 0),
	(412, 'Image223.jpg', 'Merchandising', 'Image223.jpg', 19, 0),
	(413, 'Image224.jpg', 'Merchandising', 'Image224.jpg', 19, 0),
	(414, 'Image225.jpg', 'Merchandising', 'Image225.jpg', 19, 0),
	(415, 'Image226.jpg', 'Merchandising', 'Image226.jpg', 19, 0),
	(416, 'Image227.jpg', 'Merchandising', 'Image227.jpg', 19, 0),
	(417, 'Image228.jpg', 'Merchandising', 'Image228.jpg', 19, 0),
	(418, 'Image229.jpg', 'Merchandising', 'Image229.jpg', 19, 0),
	(419, 'Image230.jpg', 'Merchandising', 'Image230.jpg', 19, 0),
	(420, 'Image231.jpg', 'Merchandising', 'Image231.jpg', 19, 0),
	(421, 'Image232.jpg', 'Merchandising', 'Image232.jpg', 19, 0),
	(422, 'Image233.jpg', 'Merchandising', 'Image233.jpg', 19, 0),
	(423, 'Image234.jpg', 'Merchandising', 'Image234.jpg', 19, 0),
	(424, 'Image235.jpg', 'Merchandising', 'Image235.jpg', 19, 0),
	(425, 'Image236.jpg', 'Merchandising', 'Image236.jpg', 19, 0),
	(426, 'Image237.jpg', 'Merchandising', 'Image237.jpg', 19, 0),
	(427, 'Image238.jpg', 'Merchandising', 'Image238.jpg', 19, 0),
	(428, 'Image239.jpg', 'Merchandising', 'Image239.jpg', 19, 0),
	(429, 'Image240.jpg', 'Merchandising', 'Image240.jpg', 19, 0),
	(430, 'Image241.jpg', 'Merchandising', 'Image241.jpg', 19, 0),
	(431, 'Image242.jpg', 'Merchandising', 'Image242.jpg', 19, 0),
	(432, 'Image243.jpg', 'Merchandising', 'Image243.jpg', 19, 0),
	(433, 'Image244.jpg', 'Merchandising', 'Image244.jpg', 19, 0),
	(434, 'Image245.jpg', 'Merchandising', 'Image245.jpg', 19, 0),
	(435, 'Image246.jpg', 'Merchandising', 'Image246.jpg', 19, 0),
	(436, 'Image247.jpg', 'Merchandising', 'Image247.jpg', 19, 0),
	(437, 'Image248.jpg', 'Merchandising', 'Image248.jpg', 19, 0),
	(438, 'Image249.jpg', 'Merchandising', 'Image249.jpg', 19, 0),
	(439, 'Image250.jpg', 'Merchandising', 'Image250.jpg', 19, 0),
	(440, 'Image251.jpg', 'Merchandising', 'Image251.jpg', 19, 0),
	(441, 'Image252.jpg', 'Merchandising', 'Image252.jpg', 19, 0),
	(442, 'Image253.jpg', 'Merchandising', 'Image253.jpg', 19, 0),
	(443, 'Image255.jpg', 'Merchandising', 'Image255.jpg', 19, 0),
	(444, 'Image256.jpg', 'Merchandising', 'Image256.jpg', 19, 0),
	(445, 'intro-background.jpg', 'Factu', 'intro-background.jpg', 18, 0),
	(446, 'merchandising.jpg', 'Merchandising', 'merchandising.jpg', 19, 1),
	(447, 'acoes.jpg', 'Ações Promocionais', 'acoes.jpg', 10, 1),
	(448, 'desing.jpg', 'Desgin em PDV', 'desing.jpg', 11, 1),
	(449, 'midia.jpg', 'Mídia Impresa', 'midia.jpg', 12, 1),
	(450, 'folders.jpg', 'Folders e Catálogos', 'folders.jpg', 13, 1),
	(451, 'emprego.jpg', 'Emprego', 'emprego.jpg', 20, 1),
	(452, 'blog.jpg', 'Blog', 'blog.jpg', 20, 1),
	(453, 'contato.jpg', 'Contato', 'contato.jpg', 20, 1);
/*!40000 ALTER TABLE `tb_imagens` ENABLE KEYS */;

-- Copiando estrutura para tabela promotorasdeve.tb_modulos
CREATE TABLE IF NOT EXISTS `tb_modulos` (
  `ID` int(11) NOT NULL AUTO_INCREMENT,
  `Modulo` varchar(50) NOT NULL,
  `Icone` varchar(50) NOT NULL,
  `Titulo` varchar(50) NOT NULL,
  `ArquivoBase` varchar(50) NOT NULL,
  `ModuloPai` int(11) NOT NULL DEFAULT 0,
  `Ordem` int(11) NOT NULL DEFAULT 0,
  PRIMARY KEY (`ID`)
) ENGINE=InnoDB DEFAULT CHARSET=latin1;

-- Copiando dados para a tabela promotorasdeve.tb_modulos: ~10 rows (aproximadamente)
DELETE FROM `tb_modulos`;
/*!40000 ALTER TABLE `tb_modulos` DISABLE KEYS */;
INSERT INTO `tb_modulos` (`ID`, `Modulo`, `Icone`, `Titulo`, `ArquivoBase`, `ModuloPai`, `Ordem`) VALUES
	(2, 'dashboar', 'fa-tachometer-alt', 'DashBoard', 'dashboard/index.php', 0, 1),
	(3, 'textos', 'fa-file-alt', 'Textos', 'textos/index.php', 0, 4),
	(4, 'imagens', 'fa-images', 'Imagens', 'imagens/index.php', 0, 5),
	(5, 'vagas', 'fa-network-wired', 'Vagas', 'vagas/index.php', 0, 6),
	(6, 'sociais', 'fa-thumbs-up', 'Redes Socais', 'sociais/index.php', 0, 9),
	(7, 'clientes', 'fas fa-briefcase', 'Clientes', 'clientes/index.php', 0, 7),
	(8, 'logo', 'fas fa-copyright', 'Logo', 'logo/index.php', 0, 2),
	(9, 'email', 'fas fa-at', 'Email', 'email/index.php', 0, 10),
	(10, 'imagens_home', 'fas fa-file-image', 'Imagens Home', 'imagens_home/index.php', 0, 8),
	(11, 'banner', 'far fa-image', 'Banner', 'banner/index.php', 0, 3);
/*!40000 ALTER TABLE `tb_modulos` ENABLE KEYS */;

-- Copiando estrutura para tabela promotorasdeve.tb_rede_sociais
CREATE TABLE IF NOT EXISTS `tb_rede_sociais` (
  `ID` int(11) NOT NULL AUTO_INCREMENT,
  `icone` varchar(50) DEFAULT NULL,
  `Nome` varchar(50) DEFAULT NULL,
  `Link` varchar(1024) DEFAULT NULL,
  PRIMARY KEY (`ID`)
) ENGINE=InnoDB DEFAULT CHARSET=latin1;

-- Copiando dados para a tabela promotorasdeve.tb_rede_sociais: ~7 rows (aproximadamente)
DELETE FROM `tb_rede_sociais`;
/*!40000 ALTER TABLE `tb_rede_sociais` DISABLE KEYS */;
INSERT INTO `tb_rede_sociais` (`ID`, `icone`, `Nome`, `Link`) VALUES
	(1, '<i class="fa fa-facebook"></i>', 'Facebook', 'https://www.facebook.com/factu302'),
	(2, '<i class="fa fa-instagram"></i>', 'Instagram', 'https://www.instagram.com/factutrademarket'),
	(3, '<i class="fa fa-linkedin"></i>', 'Linkedin', 'https://br.linkedin.com/in/factutrademar'),
	(4, '<i class="fa fa-twitter"></i>', 'Twitter', 'https://twitter.com/factutrade'),
	(5, '<i class="fa fa-youtube"></i>', 'Youtube', 'https://www.youtube.com/c/FactuTradeMarketing'),
	(6, '<i class="fa fa-pinterest"></i>', 'Pinterest', 'https://br.pinterest.com/factutrade/'),
	(7, NULL, 'Blog', 'https://www.factu.com.br/blog');
/*!40000 ALTER TABLE `tb_rede_sociais` ENABLE KEYS */;

-- Copiando estrutura para tabela promotorasdeve.tb_telas
CREATE TABLE IF NOT EXISTS `tb_telas` (
  `ID` int(11) NOT NULL AUTO_INCREMENT,
  `tela` varchar(50) DEFAULT NULL,
  `id_texto` int(11) DEFAULT NULL,
  `tipo_galeria` tinyint(4) DEFAULT NULL,
  PRIMARY KEY (`ID`)
) ENGINE=InnoDB DEFAULT CHARSET=latin1;

-- Copiando dados para a tabela promotorasdeve.tb_telas: ~17 rows (aproximadamente)
DELETE FROM `tb_telas`;
/*!40000 ALTER TABLE `tb_telas` DISABLE KEYS */;
INSERT INTO `tb_telas` (`ID`, `tela`, `id_texto`, `tipo_galeria`) VALUES
	(1, 'Banner', 1, 0),
	(2, 'Serviços', 2, 0),
	(3, 'Merchandising', 3, 0),
	(4, 'Terceirização', 4, 0),
	(5, 'Distribuição e Varejo', 5, 0),
	(6, 'Atendimento Nacional', 6, 0),
	(7, 'Gestão Inteligente de Equipes Externas', 7, 0),
	(8, 'Propaganda', 8, 0),
	(9, 'Promoçao', 9, 0),
	(10, 'Ações Promocionais', NULL, 1),
	(11, 'Design em PDV', NULL, 1),
	(12, 'Mídia Impressa', NULL, 1),
	(13, 'Folders e Catálogos', NULL, 1),
	(14, 'Clientes', NULL, 1),
	(15, 'Vagas', NULL, 1),
	(16, 'Contate-nos', 11, 0),
	(17, 'Logotipo', NULL, 1),
	(18, 'Banner', NULL, 1),
	(19, 'Merchandising', NULL, 1),
	(20, 'Imagens Home', NULL, 1);
/*!40000 ALTER TABLE `tb_telas` ENABLE KEYS */;

-- Copiando estrutura para tabela promotorasdeve.tb_textos
CREATE TABLE IF NOT EXISTS `tb_textos` (
  `ID` int(11) NOT NULL AUTO_INCREMENT,
  `texto` text DEFAULT NULL,
  `Descricao` text DEFAULT NULL,
  PRIMARY KEY (`ID`)
) ENGINE=InnoDB DEFAULT CHARSET=latin1 ROW_FORMAT=DYNAMIC;

-- Copiando dados para a tabela promotorasdeve.tb_textos: ~13 rows (aproximadamente)
DELETE FROM `tb_textos`;
/*!40000 ALTER TABLE `tb_textos` DISABLE KEYS */;
INSERT INTO `tb_textos` (`ID`, `texto`, `Descricao`) VALUES
	(1, '<h2>FACTU</h2>\r\n\r\n<h3>Ag&ecirc;ncia de Trade Marketing e Funcion&aacute;rios Tempor&aacute;rios</h3>\r\n\r\n<p><a class="btn-get-started scrollto" href="#secao-contato">Contate-nos</a></p>\r\n\r\n<h3>Tel.: (11) 3711-9999</h3>\r\n', 'Banner'),
	(2, '<h2><strong>SERVI&Ccedil;OS</strong></h2>\r\n\r\n<p>&nbsp;</p>\r\n\r\n<h2>Terceiriza&ccedil;&atilde;o de profissionais M&atilde;o de obra terceirizada - CLT</h2>\r\n\r\n<p>&nbsp;</p>\r\n', 'Serviços'),
	(3, '<h2>Merchandising</h2>\r\n\r\n<p>&nbsp;</p>\r\n\r\n<h3>Promotores, Repositores, Degustadoras e Demonstradoras</h3>\r\n\r\n<p>&nbsp;</p>\r\n\r\n<ul>\r\n	<li>Relat&oacute;rios quantitativos e qualitativos;</li>\r\n	<li>Supervisores experientes</li>\r\n	<li>Checking fotogr&aacute;fico</li>\r\n	<li>Profissionais tempor&aacute;rios ou efetivos</li>\r\n	<li>Carga hor&aacute;ria de 44 horas semanais</li>\r\n	<li>Equipe monitorada online em tempo real</li>\r\n	<li>Encargos sociais conforme a CLT e na lei 6019/74</li>\r\n</ul>\r\n', 'Merchandising'),
	(4, '<p><h2>Terceirização de profissionais</h2></p>\r\n        <p><h3>Recrutamento e seleção de vagas operacionais, administrativas e de média e alta gerência</h3></p>\r\n        <p>Mão de obra terceirizada - CLT<br>Disponibilizamos para diversos segmentos de empresas, equipes e profissionais especializados;\r\n        <br>Mão de obra temporária - Lei 13.467/17</p>\r\n        <p>Oferecemos profissionais com contrato por tempo determinado, para atender:</p>\r\n<ul>\r\n        <li> Aumento de produção ou serviço \r\n        <li> Cobertura de férias\r\n        <li> Licença maternidade\r\n        <li> Licença paternidade\r\n        <li> Licença acidente\r\n        <li> Licença doença, entre outros\r\n</ul>', 'Terceirização'),
	(5, '<p><h2>Ação no canal de Distribuição e Varejo?</h2></p>\r\n<ul>\r\n        <li>Positivação de Merchandising</li>\r\n        <li>Varredura por região para checking de clientes</li>\r\n        <li>Teste de aceitação de produto</li>\r\n        <li>Supervisão de PDV</li>\r\n        <li>Decoração de loja</li>\r\n        <li>Pesquisa de sabor</li>\r\n        <li>Comprador misterioso</li>\r\n</ul>', 'Distribuição e Varejo'),
	(6, '<p><h2>Atendimento Nacional</h2></p>\r\n<ul>\r\n          <li>Varejo</li>\r\n          <li>Atacado</li>\r\n          <li>Magazine</li>\r\n          <li>Home Center</li>\r\n          <li>Perfumaria</li>\r\n          <li>Farma</li>\r\n          <li>Pet</li>\r\n</ul>', 'Atendimento Nacional'),
	(7, '<p><h2>Gestão Inteligente de Equipes Externas</h2></p>\r\n<ul>\r\n        <li>Roteirização eletrônica</li>\r\n        <li>Otimização e redução de custos</li>\r\n        <li>Localização dos colaboradores em tempo real</li>\r\n        <li>Agendamento de tarefas on line</li>\r\n        <li>Comunicação da equipe via chat</li>\r\n        <li>Acompanhamento das visitas e tarefas realizadas em tempo real</li>\r\n        <li>Análise da produtividade por período e por colaborador.</li>\r\n</ul>', 'Gestão Inteligente de Equipes'),
	(8, '<p>&nbsp;</p>\r\n\r\n<h2><strong>PROPAGANDA</strong></h2>\r\n\r\n<p>&nbsp;</p>\r\n\r\n<p>Campanhas publicit&aacute;rias, consolida&ccedil;&atilde;o de marca, fideliza&ccedil;&atilde;o e consumidores, a&ccedil;&otilde;es promocionais, blitz e sampling. Seja inovador! Reinvente sua marca e atenda as necessidades do seu nicho de consumidores.</p>\r\n', 'Propaganda'),
	(9, '<h2><strong>PROMO&Ccedil;&Atilde;O</strong></h2>\r\n\r\n<h3>Confira abaixo alguns Destaques de nossos servi&ccedil;os Promocionais</h3>\r\n', 'Promoção'),
	(10, '<h2><strong>CLIENTES</strong></h2>\r\n', 'Clientes'),
	(11, '<div class="section-header">\r\n<h2><strong>VAGAS</strong></h2>\r\n\r\n<h3>Oportunidades de Emprego</h3>\r\n\r\n<h3><a class="btn btn-info" href="vagas.php">Clique Aqui!</a>&nbsp;e confira todas as nossas vagas dispon&iacute;veis.</h3>\r\n</div>\r\n', 'Vagas'),
	(12, '<p>&nbsp;</p>\r\n\r\n<h2><strong>LOCALIZA&Ccedil;&Atilde;O</strong></h2>\r\n\r\n<h3>Pr&oacute;x. da Esta&ccedil;&atilde;o Alto do Ipiranga&nbsp;</h3>\r\n\r\n<h3>Rua&nbsp;Eduardo Carlos Pereira, 302&nbsp; - Ipiranga - S&atilde;o Paulo - SP</h3>\r\n\r\n<h3>CEP: 04276-030&nbsp; / Tel.: (11) 3711-9999</h3>\r\n', 'Localização'),
	(13, '<h2><strong>CONTATE-NOS</strong></h2>\r\n\r\n<h3>Tel: (11)3711-9999</h3>\r\n\r\n<p>Pe&ccedil;a j&aacute; a sua proposta comercial para a Factu Trade Marketing e Funcion&aacute;rios Tempor&aacute;rios</p>\r\n', 'Contate-nos');
/*!40000 ALTER TABLE `tb_textos` ENABLE KEYS */;

-- Copiando estrutura para tabela promotorasdeve.tb_usuarios
CREATE TABLE IF NOT EXISTS `tb_usuarios` (
  `ID` int(11) NOT NULL AUTO_INCREMENT,
  `Usuario` varchar(50) DEFAULT NULL,
  `Senha` varchar(50) DEFAULT NULL,
  PRIMARY KEY (`ID`)
) ENGINE=InnoDB DEFAULT CHARSET=latin1;

-- Copiando dados para a tabela promotorasdeve.tb_usuarios: ~0 rows (aproximadamente)
DELETE FROM `tb_usuarios`;
/*!40000 ALTER TABLE `tb_usuarios` DISABLE KEYS */;
INSERT INTO `tb_usuarios` (`ID`, `Usuario`, `Senha`) VALUES
	(1, 'Admin', 'F@ctu2019');
/*!40000 ALTER TABLE `tb_usuarios` ENABLE KEYS */;

/*!40101 SET SQL_MODE=IFNULL(@OLD_SQL_MODE, '') */;
/*!40014 SET FOREIGN_KEY_CHECKS=IF(@OLD_FOREIGN_KEY_CHECKS IS NULL, 1, @OLD_FOREIGN_KEY_CHECKS) */;
/*!40101 SET CHARACTER_SET_CLIENT=@OLD_CHARACTER_SET_CLIENT */;
